SUBURB, non_agg_sex_assault, serious_assault_result_injury, assault_police, dang_negli_acts, theft_from_motor_veh, prop_dam_by_fire_expl, POSTCODE, blackmail_extor, receive_handle_proceeds_crime, abduc_harass_other, id, agg_sex_assault, graffiti, sct_residence, common_assault, theft_from_shop, agg_robbery, SUBURB_NUMBER, non_assault_sex_off, serious_assault_not_result_injury, murder, other_acts_intend_cause_injury, obtain_benefit_by_decept, sct_non_residence, theft_illegal_use_mv, threatening_beh, other_fraud_decep_rel_offences, other_hom_rel_offences, month_year, total_offences, trespass_other, other_theft, non_agg_robbery, other_prop_damage_envl
"NORTH HAVEN",0,0,0,0,6,0,"5018",0,0,0,1002,0,1,1,0,0,0,501801,0,1,0,0,1,3,0,0,1,0,"Jul 2019",19,0,3,0,2
"EXETER",0,0,0,0,0,0,"5019",0,0,0,1015,0,0,0,0,4,0,501901,0,0,0,0,0,1,0,0,0,0,"Jul 2019",8,0,1,0,2
"SEMAPHORE",0,0,0,0,1,0,"5019",0,0,0,1027,0,0,1,3,4,0,501902,0,1,0,0,4,3,0,0,0,0,"Jul 2019",25,0,7,0,1
"SEMAPHORE PARK",0,1,0,0,5,0,"5019",0,1,0,1039,0,0,1,0,0,0,501903,0,4,0,0,0,1,0,0,2,0,"Jul 2019",31,1,5,0,10
"DUDLEY PARK",0,0,0,1,0,0,"5008",0,1,0,105,0,0,1,0,0,0,500804,0,0,0,0,1,1,1,0,0,0,"Jul 2019",7,0,0,0,1
"SEMAPHORE SOUTH",0,0,0,0,0,0,"5019",0,0,0,1051,0,0,0,0,0,0,501904,0,0,0,0,0,0,0,0,0,0,"Jul 2019",1,0,0,0,1
"WEST LAKES SHORE",0,0,0,0,3,0,"5020",0,0,2,1063,0,0,0,0,0,1,502001,0,0,0,0,0,1,3,0,0,0,"Jul 2019",14,1,2,0,1
"WEST LAKES",0,1,1,0,4,0,"5021",0,0,0,1075,0,0,2,2,28,3,502101,0,0,0,0,0,1,0,0,0,0,"Jul 2019",57,0,11,0,4
"GRANGE",0,0,0,1,6,1,"5022",0,1,0,1087,0,0,7,0,0,0,502201,0,4,0,0,1,1,2,1,0,0,"Jul 2019",39,0,9,0,5
"HENLEY BEACH",0,0,0,0,3,0,"5022",0,1,1,1099,0,0,2,2,5,0,502202,0,0,0,0,0,1,4,1,0,0,"Jul 2019",29,0,4,0,5
"HENLEY BEACH SOUTH",0,0,0,0,0,0,"5022",0,0,0,1111,0,1,1,0,0,0,502203,0,0,0,0,0,0,0,0,0,0,"Jul 2019",6,0,1,0,3
"FINDON",0,0,0,0,7,2,"5023",1,1,0,1133,0,0,4,2,7,0,502301,0,3,0,0,3,2,2,0,0,0,"Jul 2019",53,2,7,0,10
"SEATON",0,0,2,0,5,0,"5023",0,1,0,1148,0,0,4,2,3,0,502302,0,6,0,0,2,0,1,0,0,0,"Jul 2019",45,2,8,0,9
"RENOWN PARK",0,1,0,0,2,2,"5008",0,0,0,116,0,0,1,1,0,0,500805,0,0,0,0,0,0,1,0,0,0,"Jul 2019",13,0,1,0,4
"FULHAM",0,0,0,0,2,0,"5024",0,0,0,1160,0,0,2,0,0,0,502401,0,0,0,0,1,1,0,1,0,0,"Jul 2019",15,0,5,0,3
"FULHAM GARDENS",0,0,0,2,3,0,"5024",0,0,0,1172,0,0,0,4,1,0,502402,0,1,0,0,2,1,0,0,0,0,"Jul 2019",19,0,2,0,3
"WEST BEACH",0,1,0,0,1,1,"5024",0,1,0,1185,0,0,1,1,1,1,502403,0,2,0,0,0,1,0,0,0,0,"Jul 2019",20,0,6,0,3
"FLINDERS PARK",0,0,0,0,4,0,"5025",0,0,0,1197,0,0,2,1,0,0,502501,0,0,0,0,2,3,0,0,0,0,"Jul 2019",20,0,7,0,1
"BROMPTON",0,3,0,0,11,0,"5007",0,0,0,1209,0,0,0,2,1,1,500702,0,2,0,0,3,0,3,0,0,0,"Jul 2019",54,6,13,0,9
"HINDMARSH",0,0,0,0,7,0,"5007",0,0,0,1221,0,0,1,1,1,0,500703,0,0,0,0,1,2,1,0,1,0,"Jul 2019",25,1,3,0,6
"NORTH PLYMPTON",0,0,0,0,3,0,"5037",0,0,0,1233,0,1,3,0,0,0,503704,0,0,0,0,0,1,1,0,1,0,"Jul 2019",20,0,5,0,5
"CAMDEN PARK",0,1,1,0,2,1,"5038",0,0,0,1245,0,0,4,0,1,0,503801,0,3,0,0,0,0,0,0,0,0,"Jul 2019",27,1,8,0,5
"PLYMPTON",0,0,0,0,12,0,"5038",1,1,0,1257,0,0,2,0,18,0,503802,0,0,0,0,0,3,0,0,1,0,"Jul 2019",68,2,17,1,10
"PLYMPTON PARK",0,1,0,0,4,0,"5038",0,1,0,1269,0,1,4,0,0,0,503803,0,2,0,0,0,0,1,0,0,0,"Jul 2019",25,5,2,0,4
"RIDLEYTON",0,0,1,0,4,0,"5008",0,1,0,128,0,0,0,0,6,1,500806,0,0,0,0,0,0,0,0,1,0,"Jul 2019",25,2,6,0,3
"SOUTH PLYMPTON",0,0,0,0,4,0,"5038",0,0,0,1281,0,0,2,0,1,0,503804,0,2,0,0,1,2,0,1,0,0,"Jul 2019",23,0,3,0,7
"CLARENCE GARDENS",0,0,0,0,1,0,"5039",0,0,0,1293,0,0,0,0,0,0,503901,0,0,0,0,1,0,0,0,0,0,"Jul 2019",4,0,1,0,1
"MALVERN",0,0,0,0,0,0,"5061",0,0,0,1305,0,0,1,0,0,0,506102,0,0,0,0,0,0,0,0,0,0,"Jul 2019",3,0,1,0,1
"UNLEY",0,1,0,0,5,0,"5061",0,0,0,1317,0,0,1,0,2,0,506103,0,0,0,1,2,1,1,0,1,0,"Jul 2019",21,1,3,0,2
"UNLEY PARK",0,0,0,0,0,0,"5061",0,0,0,1328,0,0,0,0,0,0,506104,0,1,0,0,0,0,0,0,0,0,"Jul 2019",2,0,0,0,1
"CLAPHAM",0,0,0,0,0,0,"5062",0,0,0,1339,0,0,2,0,0,0,506202,0,0,0,0,0,1,0,0,0,0,"Jul 2019",3,0,0,0,0
"HAWTHORN",0,0,0,0,4,0,"5062",0,0,0,1350,0,0,0,0,1,0,506203,0,1,0,0,0,0,1,0,0,0,"Jul 2019",13,0,6,0,0
"KINGSWOOD",0,0,0,0,0,0,"5062",0,0,0,1363,0,0,0,1,0,0,506204,0,0,0,0,0,0,0,0,0,0,"Jul 2019",5,0,3,0,1
"GLENELG SOUTH",0,1,0,0,1,0,"5045",0,0,0,1375,0,0,0,0,0,0,504504,0,0,0,0,0,1,0,0,0,0,"Jul 2019",6,0,2,0,1
"OAKLANDS PARK",0,1,0,0,3,0,"5046",0,3,1,1386,0,0,3,6,49,0,504601,0,5,0,0,1,2,4,0,0,0,"Jul 2019",107,1,19,1,8
"COLONEL LIGHT GARDENS",0,0,0,0,0,0,"5041",0,0,0,1398,0,0,1,0,0,0,504101,0,0,0,0,0,0,0,0,0,0,"Jul 2019",4,1,1,0,1
"WEST CROYDON",0,0,0,0,0,0,"5008",0,0,0,140,0,0,0,2,0,0,500807,0,1,0,0,0,0,0,0,0,0,"Jul 2019",19,1,11,1,3
"CUMBERLAND PARK",0,0,0,1,0,0,"5041",0,0,1,1410,0,0,0,1,1,0,504102,0,0,0,0,0,1,0,0,0,0,"Jul 2019",8,0,1,0,2
"DAW PARK",0,0,0,0,0,0,"5041",0,0,0,1422,0,0,1,0,0,0,504103,0,0,0,0,0,0,0,0,0,0,"Jul 2019",3,1,1,0,0
"PANORAMA",0,0,0,0,1,0,"5041",0,0,0,1434,0,0,0,0,0,0,504104,0,0,0,0,0,0,0,0,0,0,"Jul 2019",1,0,0,0,0
"WESTBOURNE PARK",0,0,0,0,0,0,"5041",0,1,0,1446,0,1,1,0,0,0,504105,0,0,0,0,0,0,0,0,0,0,"Jul 2019",12,0,1,0,8
"WARRADALE",0,0,0,0,3,0,"5046",0,1,0,1458,0,0,3,0,0,0,504602,0,1,0,0,0,1,1,0,0,0,"Jul 2019",16,1,2,0,3
"DARLINGTON",0,0,0,0,0,1,"5047",0,0,1,1470,0,0,1,1,1,0,504701,0,0,0,0,0,0,1,0,1,0,"Jul 2019",11,0,3,0,1
"SEACOMBE GARDENS",0,1,0,0,3,0,"5047",0,0,0,1482,0,0,5,2,0,0,504702,0,3,0,0,0,1,2,1,1,0,"Jul 2019",29,0,4,0,6
"SEACOMBE HEIGHTS",0,0,0,0,0,0,"5047",0,0,0,1494,0,0,1,0,0,0,504703,0,1,0,0,0,1,0,0,0,0,"Jul 2019",5,0,0,0,2
"STURT",0,0,0,0,1,0,"5047",0,0,0,1506,0,0,1,0,0,0,504704,0,3,0,0,0,0,0,0,0,0,"Jul 2019",14,3,3,0,3
"BRIGHTON",0,0,0,0,2,0,"5048",0,0,1,1518,0,0,1,0,1,1,504801,0,0,0,0,0,0,0,0,1,0,"Jul 2019",16,0,3,0,6
"ALLENBY GARDENS",0,0,0,0,0,0,"5009",0,0,0,152,0,0,1,0,0,0,500901,0,0,0,0,0,0,0,0,0,0,"Jul 2019",5,0,2,0,2
"DOVER GARDENS",0,0,0,0,0,0,"5048",0,0,0,1530,0,2,0,1,0,0,504802,0,1,0,1,0,0,0,0,0,0,"Jul 2019",10,0,2,0,3
"HOVE",0,0,0,0,0,0,"5048",0,0,0,1542,0,0,0,0,0,0,504803,0,0,0,0,0,1,0,0,1,0,"Jul 2019",9,3,4,0,0
"NORTH BRIGHTON",0,0,0,0,0,0,"5048",0,0,0,1554,0,0,0,1,0,0,504804,0,1,0,0,0,1,0,0,0,0,"Jul 2019",4,1,0,0,0
"KESWICK TERMINAL",0,0,0,0,0,0,"5035",0,0,0,1565,0,3,0,0,0,0,503506,0,0,0,0,1,0,0,0,0,0,"Jul 2019",5,1,0,0,0
"GLANDORE",0,0,0,0,1,0,"5037",0,0,0,1577,0,0,2,3,0,0,503701,0,0,0,0,1,0,0,1,0,0,"Jul 2019",19,1,4,0,6
"KURRALTA PARK",0,1,0,0,6,0,"5037",0,0,0,1589,0,0,3,0,3,0,503702,0,0,0,0,0,0,1,0,0,0,"Jul 2019",29,1,10,0,4
"MITCHELL PARK",0,1,0,0,6,0,"5043",0,0,0,1612,0,1,5,2,0,0,504303,0,9,0,0,0,1,2,1,0,0,"Jul 2019",45,1,11,0,5
"MORPHETTVILLE",0,0,0,0,0,0,"5043",0,0,0,1625,0,0,0,0,1,0,504304,0,2,0,0,1,0,0,0,0,0,"Jul 2019",8,0,3,0,1
"PARK HOLME",0,2,0,0,0,0,"5043",0,0,0,1637,0,0,2,0,1,0,504305,0,3,0,1,1,0,1,0,0,0,"Jul 2019",21,1,6,0,3
"BEVERLEY",0,0,0,0,3,0,"5009",0,0,0,164,0,1,1,1,0,0,500902,0,0,0,0,0,2,1,0,0,0,"Jul 2019",13,1,1,0,2
"GLENGOWRIE",0,0,0,1,1,0,"5044",0,0,0,1649,0,0,1,0,0,0,504401,0,1,0,0,0,0,0,0,2,0,"Jul 2019",14,0,8,0,0
"SOMERTON PARK",0,0,0,1,2,0,"5044",0,0,0,1661,0,0,1,0,0,0,504402,0,1,0,0,0,0,1,0,0,0,"Jul 2019",12,0,4,0,2
"GLENELG",0,0,0,0,3,0,"5045",0,0,0,1673,0,0,2,4,8,0,504501,0,0,0,0,0,1,0,0,1,0,"Jul 2019",28,3,4,0,2
"GLENELG EAST",0,0,0,0,2,0,"5045",0,0,0,1685,0,0,0,0,0,0,504502,0,0,0,0,0,3,2,0,0,0,"Jul 2019",28,1,12,0,8
"GLENELG NORTH",0,0,0,0,5,0,"5045",0,0,0,1697,0,2,1,0,0,0,504503,0,0,0,0,1,1,0,0,0,0,"Jul 2019",21,1,5,0,5
"SOUTH BRIGHTON",0,0,0,0,1,0,"5048",0,0,0,1710,0,1,0,0,0,0,504805,0,1,0,0,0,0,0,0,0,0,"Jul 2019",5,0,1,0,1
"MARINO",0,0,0,0,1,0,"5049",0,0,0,1730,0,0,0,0,0,0,504902,0,1,0,0,1,1,0,0,0,0,"Jul 2019",7,0,3,0,0
"SEACLIFF",0,0,0,1,0,0,"5049",0,1,0,1742,0,0,0,0,0,0,504903,0,0,0,0,0,0,0,0,0,0,"Jul 2019",4,0,1,0,1
"SEACLIFF PARK",0,0,0,0,0,0,"5049",0,0,0,1754,0,0,0,0,1,0,504904,0,1,0,0,0,1,1,0,0,0,"Jul 2019",8,1,2,0,1
"KILKENNY",0,0,0,0,1,0,"5009",0,0,0,176,0,0,0,1,5,1,500903,0,4,0,0,0,4,2,0,0,0,"Jul 2019",36,1,7,0,10
"SEAVIEW DOWNS",0,1,0,0,0,0,"5049",0,0,0,1766,0,0,0,0,13,0,504905,0,0,0,0,0,0,0,0,0,0,"Jul 2019",21,1,4,0,2
"BELLEVUE HEIGHTS",0,0,0,0,0,0,"5050",0,0,0,1778,0,1,1,0,0,0,505001,0,0,0,0,0,0,0,0,1,0,"Jul 2019",3,0,0,0,0
"EDEN HILLS",0,0,0,0,0,0,"5050",0,0,0,1789,0,1,0,0,0,0,505003,0,0,0,0,0,0,0,0,0,0,"Jul 2019",4,0,0,0,3
"BLACKWOOD",0,0,0,0,0,0,"5051",0,1,0,1801,0,2,2,1,1,0,505101,0,0,0,0,0,0,0,0,0,0,"Jul 2019",16,2,4,0,3
"CRAIGBURN FARM",0,0,0,0,0,0,"5051",0,0,0,1823,0,0,0,1,0,0,505104,0,0,0,0,0,0,0,0,0,0,"Jul 2019",2,0,1,0,0
"HAWTHORNDENE",0,0,0,0,0,0,"5051",0,0,0,1832,0,0,0,0,0,0,505103,0,0,0,0,0,0,0,0,0,0,"Jul 2019",1,0,1,0,0
"BELAIR",0,0,0,0,0,0,"5052",0,0,0,1843,0,3,0,0,0,0,505201,0,0,0,0,0,0,0,0,0,0,"Jul 2019",6,0,2,0,1
"GLENALTA",0,0,0,0,1,0,"5052",0,0,0,1855,0,0,0,0,0,0,505202,0,0,0,0,0,0,0,0,0,0,"Jul 2019",1,0,0,0,0
"HYDE PARK",0,0,0,0,0,0,"5061",0,1,0,1866,0,0,0,0,1,0,506101,0,1,0,0,0,0,0,0,0,0,"Jul 2019",3,0,0,0,0
"NEWTON",0,0,0,0,0,1,"5074",0,0,1,1878,0,0,0,1,5,0,507402,0,0,0,0,0,1,0,1,0,0,"Jul 2019",27,0,15,0,2
"OTTOWAY",0,1,0,0,2,0,"5013",0,2,0,188,0,0,2,1,0,1,501302,0,1,0,0,0,0,0,0,0,0,"Jul 2019",28,0,15,0,3
"DERNANCOURT",0,0,0,0,3,0,"5075",0,0,0,1890,0,0,1,0,1,0,507501,0,0,0,0,0,1,0,0,0,0,"Jul 2019",16,1,5,0,4
"ADELAIDE",0,21,7,1,30,0,"5000",1,21,2,19,0,8,7,58,94,11,500001,0,17,0,4,21,15,24,2,9,0,"Jul 2019",604,11,170,2,68
"PARADISE",0,1,0,0,2,0,"5075",0,0,0,1902,0,0,0,1,0,0,507502,0,2,0,0,0,1,1,1,0,0,"Jul 2019",19,0,4,0,6
"ATHELSTONE",0,0,0,0,0,0,"5076",0,0,0,1914,0,0,0,1,0,0,507601,0,0,0,0,0,0,0,0,1,0,"Jul 2019",14,1,6,0,5
"LOWER MITCHAM",0,0,0,1,1,0,"5062",0,0,0,1926,0,0,0,0,0,0,506205,0,0,0,0,0,0,0,0,0,0,"Jul 2019",2,0,0,0,0
"LYNTON",0,0,0,0,0,0,"5062",0,0,0,1933,0,1,0,0,0,0,506206,0,0,0,0,0,0,0,0,0,0,"Jul 2019",1,0,0,0,0
"ROSE PARK",0,0,0,0,0,0,"5067",0,0,0,1942,0,0,0,0,1,0,506704,0,0,0,0,0,0,0,0,0,0,"Jul 2019",3,0,2,0,0
"KENSINGTON",0,1,0,0,2,0,"5068",0,2,0,1962,0,1,1,0,0,0,506802,0,0,0,0,0,0,0,0,0,0,"Jul 2019",12,0,3,0,2
"KENSINGTON GARDENS",0,0,0,0,2,0,"5068",0,0,0,1973,0,0,1,0,1,0,506803,0,0,0,0,0,0,1,0,0,0,"Jul 2019",6,0,1,0,0
"KENSINGTON PARK",0,0,0,0,2,0,"5068",0,0,0,1985,0,0,2,0,0,0,506804,0,1,0,0,0,1,0,0,0,0,"Jul 2019",13,2,3,0,2
"LEABROOK",0,0,0,0,0,0,"5068",0,0,0,1997,0,0,2,0,0,0,506805,0,0,0,0,0,0,0,0,0,0,"Jul 2019",3,0,1,0,0
"PENNINGTON",0,1,0,0,6,0,"5013",0,1,2,200,0,2,4,0,0,0,501303,0,1,0,0,0,0,2,0,0,0,"Jul 2019",26,0,4,0,3
"MARRYATVILLE",0,0,0,0,1,0,"5068",0,0,0,2008,0,0,0,1,0,0,506806,0,0,0,0,0,1,0,0,0,0,"Jul 2019",6,0,1,0,2
"ST MORRIS",0,1,0,0,1,0,"5068",0,0,0,2020,0,0,0,0,0,0,506807,0,1,0,0,0,0,0,0,0,0,"Jul 2019",3,0,0,0,0
"TRINITY GARDENS",0,0,0,0,0,0,"5068",0,0,0,2031,0,0,0,0,1,0,506808,0,0,0,0,0,0,0,0,0,0,"Jul 2019",2,0,1,0,0
"COLLEGE PARK",0,0,0,0,2,0,"5069",0,0,0,2041,0,0,0,0,0,0,506901,0,1,0,0,0,0,0,0,0,0,"Jul 2019",4,0,0,0,1
"JOSLIN",0,0,0,0,2,0,"5070",0,0,0,2051,0,0,2,0,0,0,507004,0,1,0,0,0,0,0,0,0,0,"Jul 2019",6,0,1,0,0
"MARDEN",0,0,0,1,3,0,"5070",0,0,0,2061,0,0,1,2,4,0,507005,0,1,0,0,0,0,0,5,0,0,"Jul 2019",23,1,2,0,3
"PAYNEHAM",0,0,0,0,2,0,"5070",0,0,0,2073,0,0,0,0,0,0,507006,0,0,0,0,0,0,0,0,0,0,"Jul 2019",2,0,0,0,0
"PAYNEHAM SOUTH",0,0,0,0,1,0,"5070",0,0,0,2085,0,0,0,0,0,0,507007,0,0,0,0,0,0,0,0,0,0,"Jul 2019",3,0,1,0,1
"ROYSTON PARK",0,0,0,0,0,1,"5070",0,0,0,2096,0,0,1,0,0,0,507008,0,0,0,0,0,0,0,0,0,0,"Jul 2019",5,0,1,0,2
"MAGILL",0,1,0,1,7,0,"5072",0,0,0,2114,0,0,0,3,0,0,507202,0,0,0,0,0,1,1,0,0,0,"Jul 2019",21,0,6,0,1
"ROSEWATER",0,0,0,0,4,0,"5013",0,1,0,212,0,0,2,1,3,0,501304,0,1,0,0,0,3,1,0,1,0,"Jul 2019",33,1,13,0,2
"EVANDALE",0,0,0,0,1,0,"5069",0,0,0,2136,0,0,1,0,1,0,506902,0,0,0,0,0,0,0,0,0,0,"Jul 2019",4,0,1,0,0
"HACKNEY",0,0,0,0,1,0,"5069",0,0,0,2148,0,1,0,0,0,0,506903,0,0,0,0,0,0,0,0,0,0,"Jul 2019",7,3,0,0,2
"MAYLANDS",0,0,0,0,1,0,"5069",0,0,0,2160,0,0,1,0,0,0,506904,0,0,0,0,0,3,1,0,0,0,"Jul 2019",8,0,1,0,1
"ST PETERS",0,0,0,0,4,0,"5069",0,0,0,2172,0,0,3,0,1,0,506906,0,0,0,0,0,2,1,0,0,0,"Jul 2019",16,0,3,0,2
"STEPNEY",0,0,0,0,1,1,"5069",0,0,0,2184,0,1,0,0,1,0,506905,0,0,0,0,0,0,0,0,0,0,"Jul 2019",10,2,3,0,1
"FELIXSTOW",0,0,0,0,1,0,"5070",0,0,0,2196,0,0,1,1,0,0,507001,0,0,0,0,0,0,0,0,0,0,"Jul 2019",6,1,0,0,2
"FIRLE",0,0,0,0,1,1,"5070",0,0,0,2208,0,0,0,0,0,0,507002,0,0,0,0,0,0,0,0,0,0,"Jul 2019",5,0,0,0,3
"GLYNDE",0,0,0,0,0,0,"5070",0,0,0,2220,0,0,0,0,0,0,507003,0,1,0,0,0,0,0,0,0,0,"Jul 2019",6,0,4,0,1
"MITCHAM",0,0,0,0,0,0,"5062",0,0,0,2232,0,0,1,0,0,0,506207,0,1,0,0,0,0,0,0,0,0,"Jul 2019",3,0,0,0,1
"WINGFIELD",0,0,0,0,5,0,"5013",0,0,0,224,0,0,0,0,1,0,501305,0,1,0,0,0,4,3,0,0,0,"Jul 2019",33,1,14,0,4
"NETHERBY",0,1,0,0,0,0,"5062",0,0,1,2243,0,0,2,0,0,1,506208,0,1,0,0,0,0,1,0,0,0,"Jul 2019",9,0,2,0,0
"TORRENS PARK",0,0,0,0,2,0,"5062",0,0,0,2262,0,0,0,0,2,0,506210,0,0,0,0,0,0,0,0,0,0,"Jul 2019",8,0,4,0,0
"EASTWOOD",0,1,0,0,0,0,"5063",0,0,0,2274,0,0,0,0,0,0,506301,0,2,0,0,0,1,0,0,0,0,"Jul 2019",6,0,0,0,2
"FREWVILLE",0,0,0,0,1,0,"5063",0,0,0,2287,0,0,0,1,5,0,506302,0,0,0,0,0,0,0,0,0,0,"Jul 2019",9,0,0,0,2
"FULLARTON",0,1,0,0,3,0,"5063",0,0,0,2299,0,0,0,0,1,0,506303,0,1,0,0,0,0,0,1,0,0,"Jul 2019",12,1,2,0,2
"HIGHGATE",0,0,0,0,1,0,"5063",0,0,0,2310,0,0,1,0,0,0,506304,0,0,0,0,0,0,0,0,0,0,"Jul 2019",5,0,2,0,1
"PARKSIDE",0,0,0,0,5,0,"5063",0,0,0,2321,0,0,2,0,0,0,506305,0,0,0,0,0,0,0,0,0,0,"Jul 2019",17,0,8,0,2
"GLEN OSMOND",0,0,0,0,1,0,"5064",0,0,0,2333,0,0,3,0,1,0,506401,0,0,0,1,0,0,1,0,0,0,"Jul 2019",10,1,2,0,0
"GLENUNGA",0,0,0,0,0,0,"5064",0,0,1,2345,0,0,2,0,0,0,506402,0,0,0,0,0,0,0,0,0,0,"Jul 2019",7,0,4,0,0
"MYRTLE BANK",0,0,0,0,1,0,"5064",0,0,0,2359,0,0,2,0,0,0,506404,0,2,0,0,0,0,0,0,1,0,"Jul 2019",10,0,1,0,3
"ALBERT PARK",0,1,0,0,0,0,"5014",0,0,0,237,0,0,0,0,0,0,501402,0,0,0,0,0,0,0,0,0,0,"Jul 2019",4,0,0,0,3
"DULWICH",0,0,0,0,0,0,"5065",0,0,0,2387,0,0,0,1,0,0,506501,0,0,0,0,0,0,0,0,0,0,"Jul 2019",2,0,1,0,0
"GLENSIDE",0,1,0,0,0,0,"5065",0,0,0,2399,0,0,3,1,6,0,506502,0,0,0,0,0,0,0,0,0,0,"Jul 2019",17,0,6,0,0
"LINDEN PARK",0,0,0,0,3,0,"5065",0,0,0,2411,0,0,0,0,0,0,506503,0,0,0,0,0,0,0,0,0,0,"Jul 2019",7,0,2,0,2
"TOORAK GARDENS",0,0,0,0,0,0,"5065",0,0,0,2423,0,0,2,0,0,0,506504,0,0,0,0,0,1,0,0,0,0,"Jul 2019",4,0,0,0,1
"TUSMORE",0,0,0,0,3,0,"5065",0,0,0,2434,0,0,2,0,0,0,506505,0,0,0,0,0,0,0,0,0,0,"Jul 2019",6,0,0,0,1
"BURNSIDE",0,0,0,0,1,0,"5066",0,0,0,2454,0,0,0,0,0,0,506602,0,0,0,0,0,1,1,0,1,0,"Jul 2019",5,0,1,0,0
"ERINDALE",0,0,0,0,1,0,"5066",0,0,0,2463,0,0,0,0,0,0,506603,0,1,0,0,1,0,0,0,0,0,"Jul 2019",6,1,2,0,0
"HAZELWOOD PARK",0,0,0,0,0,0,"5066",0,0,0,2475,0,0,0,0,0,0,506604,0,0,0,0,0,0,0,0,0,0,"Jul 2019",3,0,3,0,0
"STONYFELL",0,0,0,0,0,0,"5066",0,0,0,2485,0,0,0,0,0,0,506605,0,0,0,0,1,0,1,0,0,0,"Jul 2019",2,0,0,0,0
"ALBERTON",0,1,0,0,3,0,"5014",0,0,0,249,0,0,0,0,0,0,501401,0,0,0,0,0,1,1,0,2,0,"Jul 2019",13,0,4,0,1
"WATTLE PARK",0,0,0,0,0,0,"5066",0,0,0,2494,0,0,0,0,0,0,506607,0,0,0,0,0,0,1,0,0,0,"Jul 2019",1,0,0,0,0
"BEULAH PARK",0,0,0,0,0,0,"5067",0,0,0,2505,0,0,1,0,0,0,506701,0,0,0,0,0,0,0,0,0,0,"Jul 2019",1,0,0,0,0
"KENT TOWN",0,0,0,0,2,0,"5067",0,0,0,2517,0,0,3,0,0,0,506702,0,0,0,0,0,0,1,0,0,0,"Jul 2019",21,2,8,0,5
"NORWOOD",0,0,0,0,4,0,"5067",0,0,0,2529,0,1,1,0,6,0,506703,0,2,0,0,3,1,0,0,1,0,"Jul 2019",30,1,6,0,4
"BEDFORD PARK",0,1,0,0,1,0,"5042",0,2,1,2541,0,0,0,3,2,0,504201,0,1,0,0,0,0,1,0,1,0,"Jul 2019",15,0,0,0,2
"CLOVELLY PARK",0,1,0,0,0,0,"5042",0,0,0,2554,0,0,1,1,0,0,504202,0,0,0,0,0,0,0,0,1,0,"Jul 2019",6,1,1,0,0
"PASADENA",0,0,0,0,0,0,"5042",0,0,1,2566,0,0,0,1,3,0,504203,0,1,0,1,0,0,0,0,0,0,"Jul 2019",10,0,2,0,1
"ST MARYS",0,0,0,0,1,0,"5042",0,0,0,2578,0,0,1,0,0,0,504204,0,1,0,0,2,1,0,0,0,0,"Jul 2019",18,0,12,0,0
"TONSLEY",0,0,0,0,0,0,"5042",0,0,0,2590,0,0,1,0,0,0,504205,0,0,0,0,0,0,0,0,1,0,"Jul 2019",2,0,0,0,0
"ASCOT PARK",0,0,0,0,3,0,"5043",0,0,0,2601,0,0,3,1,4,0,504301,0,3,0,2,1,0,0,0,0,0,"Jul 2019",18,0,0,0,1
"CHELTENHAM",0,0,0,0,3,0,"5014",0,0,0,261,0,0,1,1,0,0,501403,0,0,0,0,0,0,2,0,0,0,"Jul 2019",13,0,3,0,3
"MARION",0,1,0,0,3,0,"5043",0,0,0,2613,0,0,2,2,3,0,504302,0,0,0,0,0,1,1,0,0,0,"Jul 2019",23,1,5,0,4
"PARA VISTA",0,0,0,0,1,0,"5093",0,0,0,2625,0,0,1,0,0,0,509301,0,4,0,0,0,2,0,0,0,0,"Jul 2019",18,1,1,0,8
"VALLEY VIEW",0,2,1,0,3,0,"5093",0,0,0,2637,0,0,4,4,0,1,509302,0,2,0,0,0,1,1,0,0,0,"Jul 2019",36,2,8,0,7
"CAVAN",0,1,0,0,0,0,"5094",0,0,0,2649,0,0,0,2,2,0,509401,0,0,0,0,0,0,2,0,0,0,"Jul 2019",18,0,8,0,3
"DRY CREEK",0,0,0,0,0,0,"5094",0,0,1,2661,0,0,0,1,0,1,509402,0,1,0,0,1,0,1,1,0,0,"Jul 2019",18,1,10,0,0
"GEPPS CROSS",0,0,0,0,1,0,"5094",0,0,0,2673,0,0,0,1,12,0,509403,0,0,0,0,0,0,1,0,1,0,"Jul 2019",24,0,8,0,0
"MAWSON LAKES",0,0,0,0,28,1,"5095",0,1,0,2685,0,2,6,2,5,0,509503,0,5,0,0,3,1,6,1,2,0,"Jul 2019",115,0,39,0,13
"COLLINSWOOD",0,0,0,0,0,0,"5081",0,0,0,2698,0,0,0,0,1,0,508101,0,1,0,0,0,0,0,0,0,0,"Jul 2019",6,0,3,0,1
"GILBERTON",0,2,0,0,2,0,"5081",0,0,0,2710,0,0,1,1,0,0,508102,0,0,0,0,1,0,0,0,1,0,"Jul 2019",10,0,0,0,2
"MEDINDIE",0,0,0,0,1,0,"5081",0,0,0,2722,0,0,1,0,0,0,508103,0,1,0,0,0,0,2,0,0,0,"Jul 2019",6,0,0,0,1
"HENDON",0,0,0,0,0,0,"5014",0,0,0,273,0,0,0,0,0,0,501404,0,1,0,0,0,0,0,0,0,0,"Jul 2019",6,1,3,0,1
"MEDINDIE GARDENS",0,0,0,0,0,0,"5081",0,0,0,2732,0,0,0,0,0,0,508104,0,0,0,0,0,0,0,0,0,0,"Jul 2019",1,0,0,0,1
"NORTHFIELD",0,0,0,0,1,1,"5085",0,2,0,2741,0,0,1,0,1,0,508503,0,0,0,0,1,0,1,0,0,0,"Jul 2019",13,1,2,0,2
"NORTHGATE",0,0,0,0,1,0,"5085",0,0,0,2753,0,0,0,0,0,0,508504,0,1,0,0,0,0,0,0,2,0,"Jul 2019",5,0,1,0,0
"GILLES PLAINS",0,1,1,0,7,3,"5086",0,0,0,2768,0,0,2,0,13,0,508601,0,1,0,0,0,1,1,0,0,0,"Jul 2019",49,1,9,0,9
"GREENACRES",0,1,0,0,3,0,"5086",0,0,0,2780,0,0,0,1,2,0,508602,0,0,0,0,0,1,0,0,0,0,"Jul 2019",17,0,4,0,5
"HAMPSTEAD GARDENS",0,0,0,0,0,0,"5086",0,0,0,2792,0,0,0,0,0,0,508603,0,0,0,0,0,0,0,1,1,0,"Jul 2019",7,2,2,0,1
"HILLCREST",0,0,0,0,4,0,"5086",0,1,0,2804,0,2,1,0,2,0,508604,0,1,0,0,1,0,0,0,0,0,"Jul 2019",20,0,5,0,3
"MANNINGHAM",0,0,0,0,3,0,"5086",0,0,0,2816,0,0,0,0,0,0,508605,0,1,0,0,0,0,0,0,0,0,"Jul 2019",5,0,1,0,0
"OAKDEN",0,1,0,0,0,0,"5086",0,0,0,2828,0,0,0,5,0,0,508606,0,2,0,0,0,1,0,0,0,0,"Jul 2019",16,0,3,0,4
"QUEENSTOWN",0,0,0,0,3,0,"5014",0,0,0,284,0,0,1,1,0,0,501405,0,0,0,0,0,0,1,0,0,0,"Jul 2019",8,0,1,0,1
"KLEMZIG",0,0,0,0,5,0,"5087",0,0,0,2840,0,0,3,1,1,0,508701,0,0,0,0,2,2,1,0,0,0,"Jul 2019",29,2,8,0,4
"SKYE",0,0,0,0,1,0,"5072",0,0,0,2852,0,0,0,0,0,0,507204,0,0,0,0,0,0,0,0,0,0,"Jul 2019",1,0,0,0,0
"HECTORVILLE",0,0,0,0,3,0,"5073",0,0,0,2879,0,0,5,0,0,0,507301,0,3,0,0,1,1,0,0,0,0,"Jul 2019",19,0,3,0,3
"ROSTREVOR",0,0,0,0,1,1,"5073",0,0,0,2891,0,0,2,0,0,0,507302,0,0,0,0,0,0,0,0,0,0,"Jul 2019",11,0,3,0,4
"TRANMERE",0,0,0,0,0,0,"5073",0,0,0,2903,0,1,1,0,0,0,507303,0,0,0,0,0,1,0,0,0,0,"Jul 2019",10,1,5,0,1
"CAMPBELLTOWN",0,2,0,0,2,0,"5074",0,2,0,2915,0,0,4,1,1,1,507401,0,3,0,0,0,2,0,0,1,0,"Jul 2019",41,1,11,0,10
"NAILSWORTH",0,0,0,0,1,0,"5083",0,0,0,2927,0,2,1,1,1,0,508302,0,2,0,0,0,0,1,0,0,0,"Jul 2019",16,1,4,0,2
"SEFTON PARK",0,0,0,0,2,0,"5083",0,1,0,2939,0,0,1,1,8,0,508303,0,1,0,0,0,0,1,0,1,0,"Jul 2019",24,2,3,0,3
"BLAIR ATHOL",0,1,0,0,7,0,"5084",0,1,2,2951,0,0,7,6,10,0,508401,0,5,0,0,2,0,4,3,0,0,"Jul 2019",81,5,16,0,12
"ROYAL PARK",0,0,0,0,4,0,"5014",0,0,1,296,0,0,3,3,4,0,501406,0,2,0,0,1,1,1,0,0,0,"Jul 2019",26,0,2,0,4
"KILBURN",0,4,0,1,3,1,"5084",0,1,0,2963,0,0,4,6,12,0,508402,0,8,0,0,1,1,2,0,0,1,"Jul 2019",81,2,21,0,13
"CLEARVIEW",0,1,0,0,0,0,"5085",0,0,0,2976,0,0,6,1,5,0,508501,0,1,0,0,0,0,0,0,0,0,"Jul 2019",28,1,7,0,6
"ENFIELD",0,0,0,0,3,1,"5085",0,1,0,2988,0,0,4,1,0,1,508502,0,1,0,0,1,3,2,0,0,0,"Jul 2019",37,3,8,0,8
"LIGHTSVIEW",0,0,0,0,3,0,"5085",0,0,0,3000,0,0,0,1,0,0,508505,0,0,0,0,0,1,0,0,1,0,"Jul 2019",16,0,7,0,3
"WINDSOR GARDENS",0,0,0,0,3,0,"5087",0,0,0,3012,0,0,1,1,3,0,508702,0,0,0,0,0,3,3,0,0,0,"Jul 2019",24,1,6,0,3
"HOLDEN HILL",0,3,0,0,3,0,"5088",0,0,0,3024,0,0,0,0,2,0,508801,0,0,0,0,0,0,0,1,0,0,"Jul 2019",28,2,14,0,3
"HIGHBURY",0,0,0,2,1,0,"5089",0,0,0,3036,0,0,3,0,3,0,508901,0,0,0,0,1,0,2,0,1,0,"Jul 2019",18,1,3,0,1
"HOPE VALLEY",0,1,0,0,6,0,"5090",0,0,0,3048,0,0,2,1,2,0,509001,0,0,0,0,2,2,0,0,0,0,"Jul 2019",24,0,4,0,4
"BANKSIA PARK",0,0,0,0,1,2,"5091",0,0,1,3060,0,0,1,2,0,0,509101,0,0,0,0,0,1,0,0,0,0,"Jul 2019",9,0,0,0,1
"TEA TREE GULLY",0,0,0,0,0,0,"5091",0,0,0,3072,0,0,0,0,1,0,509102,0,4,0,0,0,0,0,0,0,0,"Jul 2019",9,1,0,0,3
"BIRKENHEAD",0,0,0,0,0,0,"5015",0,1,0,308,0,1,2,0,0,0,501501,0,2,0,0,1,0,1,0,0,0,"Jul 2019",15,0,3,0,4
"VISTA",0,0,0,0,0,0,"5091",0,0,0,3083,0,0,0,0,0,0,509103,0,0,0,0,0,0,1,0,0,0,"Jul 2019",1,0,0,0,0
"MODBURY",0,0,0,0,11,0,"5092",0,0,0,3093,0,1,0,4,29,0,509201,0,5,0,0,2,2,0,2,0,0,"Jul 2019",81,2,18,0,5
"NORTH ADELAIDE",0,1,0,0,10,0,"5006",0,2,0,31,0,0,3,4,5,0,500601,0,6,0,0,1,2,3,1,0,0,"Jul 2019",68,1,16,0,13
"MODBURY HEIGHTS",0,0,0,0,0,0,"5092",0,0,0,3105,0,0,1,1,3,0,509202,0,1,0,0,0,1,1,0,1,0,"Jul 2019",12,0,2,0,1
"MODBURY NORTH",0,0,0,0,9,0,"5092",0,0,0,3117,0,1,2,0,1,0,509203,0,1,0,0,0,0,1,0,0,0,"Jul 2019",20,0,1,0,4
"SMITHFIELD",0,3,0,0,3,1,"5114",0,0,1,3131,0,0,2,2,16,0,511408,0,2,0,0,0,0,0,0,2,0,"Jul 2019",71,1,30,0,8
"SMITHFIELD PLAINS",0,0,0,0,3,0,"5114",0,2,0,3143,0,0,2,2,2,0,511409,0,4,0,0,0,1,1,0,0,0,"Jul 2019",34,2,9,0,6
"YATTALUNGA",0,0,0,0,0,0,"5114",0,0,0,3158,0,0,0,0,0,0,511411,0,0,0,0,0,0,0,0,0,0,"Jul 2019",2,1,1,0,0
"KUDLA",0,0,0,0,0,1,"5115",0,1,0,3163,0,0,0,0,0,0,511501,0,0,0,0,0,1,1,0,0,0,"Jul 2019",4,0,0,0,0
"MUNNO PARA",0,0,0,0,3,1,"5115",0,0,0,3174,0,1,2,6,10,0,511502,0,0,0,0,0,1,5,0,1,0,"Jul 2019",59,0,17,0,12
"MUNNO PARA DOWNS",0,0,0,0,0,1,"5115",0,0,0,3185,0,0,0,0,0,0,511503,0,0,0,0,0,1,1,0,0,0,"Jul 2019",3,0,0,0,0
"SALISBURY HEIGHTS",0,0,0,2,1,0,"5109",0,0,0,3196,0,0,1,0,0,0,510903,0,1,0,0,0,1,1,0,0,0,"Jul 2019",9,0,1,0,1
"ETHELTON",0,0,0,0,4,0,"5015",0,0,0,320,0,0,2,0,0,0,501502,0,1,0,0,0,2,0,0,0,0,"Jul 2019",16,1,3,0,3
"SALISBURY PARK",0,0,0,0,1,0,"5109",0,0,0,3208,0,1,2,0,0,1,510904,0,2,0,0,1,0,0,0,0,0,"Jul 2019",13,0,2,0,3
"SALISBURY PLAIN",0,0,0,0,0,0,"5109",0,0,0,3220,0,0,0,0,3,0,510905,0,0,0,0,0,0,0,0,1,0,"Jul 2019",8,0,3,0,1
"BOLIVAR",0,0,0,0,1,0,"5110",0,0,0,3232,0,0,0,0,10,0,511001,0,0,0,0,1,0,0,0,0,0,"Jul 2019",36,0,24,0,0
"ELIZABETH VALE",0,2,0,0,2,2,"5112",0,1,0,3244,0,0,3,2,0,0,511205,0,5,0,0,1,1,3,0,0,0,"Jul 2019",37,0,9,0,6
"HILLBANK",0,0,0,0,1,1,"5112",0,0,0,3256,0,0,3,2,4,0,511206,0,0,0,0,0,0,0,0,0,0,"Jul 2019",30,1,18,0,0
"DAVOREN PARK",0,5,0,0,7,1,"5113",0,0,0,3268,0,0,9,6,6,1,511306,0,6,0,0,1,2,4,1,1,0,"Jul 2019",80,1,14,0,15
"EDINBURGH NORTH",0,0,0,0,0,0,"5113",0,0,0,3279,0,0,0,0,0,0,511305,0,0,0,0,0,1,0,0,0,0,"Jul 2019",2,0,1,0,0
"ELIZABETH DOWNS",0,1,0,0,5,1,"5113",0,1,0,3291,0,0,5,4,0,0,511301,0,4,0,1,2,1,4,0,1,0,"Jul 2019",46,2,6,0,8
"ELIZABETH NORTH",0,0,0,0,6,0,"5113",0,1,0,3303,0,0,4,2,0,1,511303,0,1,0,0,1,1,4,0,0,0,"Jul 2019",42,2,9,0,10
"ELIZABETH PARK",0,3,0,0,3,2,"5113",0,1,0,3315,0,0,5,3,10,0,511304,0,3,0,1,2,0,1,1,0,0,"Jul 2019",51,1,9,0,6
"GLANVILLE",0,0,0,0,0,0,"5015",0,0,0,332,0,0,0,0,0,0,501503,0,1,0,0,0,1,1,0,0,0,"Jul 2019",8,2,1,0,2
"BURTON",0,1,0,0,4,0,"5110",0,0,0,3327,0,0,4,0,5,0,511002,0,2,0,1,0,2,3,0,0,0,"Jul 2019",31,1,4,0,4
"DIREK",0,0,0,0,0,0,"5110",0,0,0,3339,0,0,0,0,0,0,511003,0,0,0,0,0,0,0,0,0,0,"Jul 2019",8,0,8,0,0
"GLOBE DERBY PARK",0,0,0,0,0,1,"5110",0,0,0,3350,0,0,0,0,0,0,511006,0,0,0,0,0,0,0,0,0,0,"Jul 2019",1,0,0,0,0
"WATERLOO CORNER",0,0,0,0,2,1,"5110",0,0,0,3368,0,0,1,0,0,0,511005,0,1,0,0,0,0,1,0,0,0,"Jul 2019",8,2,0,0,0
"EDINBURGH",0,0,0,0,1,0,"5111",0,0,0,3379,0,1,0,0,0,0,511101,0,0,0,0,0,0,0,0,0,0,"Jul 2019",6,1,3,0,0
"ELIZABETH",0,2,2,2,10,1,"5112",0,7,0,3391,0,1,1,11,28,0,511201,0,6,0,4,4,0,6,0,2,0,"Jul 2019",129,1,32,0,9
"ELIZABETH EAST",0,0,0,0,5,2,"5112",0,0,0,3403,0,1,4,5,0,0,511202,0,3,0,0,0,0,4,1,0,0,"Jul 2019",43,0,3,0,15
"ELIZABETH GROVE",0,1,0,0,1,1,"5112",0,0,0,3415,0,1,3,1,0,0,511203,0,4,0,0,1,0,1,0,0,0,"Jul 2019",35,1,7,0,13
"ELIZABETH SOUTH",0,3,0,0,4,1,"5112",0,1,0,3427,0,0,4,4,6,1,511204,0,5,0,0,0,0,2,0,0,0,"Jul 2019",59,5,11,0,12
"POORAKA",0,0,1,0,8,1,"5095",0,0,0,3439,0,0,2,5,4,0,509501,0,1,0,0,9,0,3,0,2,0,"Jul 2019",64,1,19,0,8
"ANGLE PARK",0,0,0,0,8,0,"5010",0,0,1,344,0,1,1,0,0,0,501001,0,2,0,0,2,0,0,0,0,0,"Jul 2019",20,0,5,0,0
"GULFVIEW HEIGHTS",0,0,0,0,0,0,"5096",0,0,0,3451,0,0,0,0,0,0,509603,0,0,0,0,0,1,0,0,0,0,"Jul 2019",1,0,0,0,0
"PARA HILLS",0,1,1,0,2,1,"5096",0,2,0,3463,0,0,2,1,4,1,509601,0,2,0,0,1,1,2,0,0,0,"Jul 2019",43,0,14,0,8
"PARA HILLS WEST",0,0,0,0,3,0,"5096",0,1,0,3475,0,0,0,1,4,1,509602,0,2,0,0,1,3,1,0,0,0,"Jul 2019",40,0,19,0,4
"REDWOOD PARK",0,0,0,0,0,0,"5097",0,0,0,3487,0,0,0,0,0,0,509701,0,0,0,0,1,0,2,0,0,0,"Jul 2019",4,0,1,0,0
"RIDGEHAVEN",0,1,0,0,0,0,"5097",0,0,0,3499,0,0,1,0,0,0,509702,0,2,0,0,0,1,0,0,0,0,"Jul 2019",11,0,3,0,3
"ST AGNES",0,0,0,0,0,0,"5097",0,0,0,3511,0,0,1,0,2,0,509703,0,1,0,0,0,1,1,0,0,0,"Jul 2019",12,0,5,0,1
"INGLE FARM",0,5,0,1,14,0,"5098",0,1,0,3523,0,0,5,1,20,0,509801,0,3,0,0,1,3,5,0,2,0,"Jul 2019",77,0,8,0,8
"WALKLEY HEIGHTS",0,1,0,0,0,0,"5098",0,0,0,3535,0,1,1,0,1,0,509802,0,1,0,0,1,0,1,0,0,0,"Jul 2019",8,0,1,0,0
"PARAFIELD",0,0,0,1,1,0,"5106",0,0,0,3547,0,0,0,0,15,0,510601,0,2,0,0,1,0,0,0,1,0,"Jul 2019",26,0,5,0,0
"SALISBURY SOUTH",0,0,0,0,1,1,"5106",0,0,0,3559,0,1,0,0,0,0,510602,0,0,0,0,1,1,1,0,0,0,"Jul 2019",12,1,4,0,1
"FERRYDEN PARK",0,1,0,1,5,0,"5010",0,0,0,356,0,0,3,1,0,1,501002,0,0,0,0,0,0,0,0,1,0,"Jul 2019",24,0,5,0,6
"GREEN FIELDS",0,0,0,0,0,0,"5107",0,2,0,3570,0,0,0,0,0,0,510701,0,0,0,0,0,0,0,0,0,0,"Jul 2019",7,0,5,0,0
"PARAFIELD GARDENS",0,2,0,0,9,1,"5107",0,2,0,3580,0,0,10,4,5,1,510702,0,7,0,1,4,2,5,0,1,0,"Jul 2019",83,2,10,0,17
"PARALOWIE",0,2,0,1,13,0,"5108",0,0,1,3592,0,0,10,7,7,0,510801,0,5,0,0,1,1,4,0,1,0,"Jul 2019",82,2,16,0,11
"SALISBURY",0,3,1,0,12,0,"5108",0,0,0,3605,0,0,8,8,15,2,510802,0,5,0,1,3,1,2,1,1,0,"Jul 2019",120,0,40,0,17
"SALISBURY DOWNS",0,1,0,0,4,0,"5108",0,2,0,3617,0,0,6,2,11,1,510803,0,5,0,0,1,0,1,0,0,0,"Jul 2019",80,6,27,0,13
"SALISBURY NORTH",0,2,0,1,11,0,"5108",0,3,0,3629,0,2,2,5,9,0,510804,0,7,0,0,0,4,2,0,1,0,"Jul 2019",74,6,6,0,13
"BRAHMA LODGE",0,0,0,0,0,0,"5109",0,0,0,3641,0,0,4,2,0,0,510901,0,0,0,0,0,0,1,0,0,0,"Jul 2019",14,0,1,0,6
"SALISBURY EAST",0,1,0,0,5,0,"5109",0,0,0,3653,0,0,3,1,1,0,510902,0,2,0,0,0,0,1,0,0,0,"Jul 2019",31,0,11,0,6
"VALE PARK",0,0,0,0,3,0,"5081",0,0,0,3665,0,0,2,0,0,0,508105,0,0,0,0,0,1,0,0,0,0,"Jul 2019",7,0,0,0,1
"WALKERVILLE",0,0,0,0,2,0,"5081",0,0,0,3677,0,0,2,0,6,0,508106,0,1,0,0,0,0,0,1,0,0,"Jul 2019",16,0,2,0,2
"REGENCY PARK",0,0,0,0,3,0,"5010",0,0,0,368,0,0,0,0,0,0,501003,0,0,0,0,0,0,0,0,1,0,"Jul 2019",7,0,2,0,1
"FITZROY",0,0,0,0,1,0,"5082",0,1,0,3688,0,0,0,0,0,0,508201,0,1,0,0,0,0,1,0,0,0,"Jul 2019",5,0,0,0,1
"OVINGHAM",0,0,0,2,2,0,"5082",0,0,0,3698,0,0,0,0,0,1,508202,0,0,0,0,0,0,0,0,0,0,"Jul 2019",7,1,0,0,1
"PROSPECT",0,0,1,1,13,1,"5082",0,0,0,3711,0,3,8,0,19,0,508203,0,4,0,0,3,5,2,0,1,0,"Jul 2019",91,2,12,0,16
"THORNGATE",0,0,0,0,0,0,"5082",0,0,0,3723,0,0,0,0,5,0,508204,0,0,0,0,0,0,0,0,0,0,"Jul 2019",9,0,4,0,0
"BROADVIEW",0,0,0,0,4,0,"5083",0,1,0,3735,0,0,2,0,4,0,508301,0,1,0,0,0,0,0,0,0,0,"Jul 2019",26,1,10,0,3
"MONTACUTE",0,0,0,0,0,0,"5134",0,0,0,3747,0,0,0,0,0,0,513401,0,2,0,0,0,0,0,0,0,0,"Jul 2019",2,0,0,0,0
"WILLASTON",0,0,0,0,0,1,"5118",0,0,0,3761,0,0,2,0,0,0,511813,0,0,0,0,0,0,0,0,0,0,"Jul 2019",11,0,7,0,1
"VIRGINIA",0,0,0,0,1,0,"5120",0,0,0,3781,0,0,0,0,2,0,512001,0,0,0,0,1,0,1,0,0,0,"Jul 2019",12,0,6,0,1
"GAWLER EAST",0,0,0,0,3,0,"5118",0,0,0,3794,0,0,1,1,1,0,511805,0,0,0,0,0,0,0,0,0,0,"Jul 2019",12,1,1,0,4
"ST CLAIR",0,0,0,0,4,0,"5011",0,0,0,380,0,1,0,1,5,0,501105,0,0,0,0,1,0,0,0,0,0,"Jul 2019",15,0,1,0,2
"GAWLER SOUTH",0,0,0,0,0,0,"5118",0,0,0,3810,0,0,1,1,0,0,511807,0,0,0,0,0,1,0,0,0,0,"Jul 2019",7,0,1,0,3
"GAWLER WEST",0,0,0,0,0,1,"5118",0,0,0,3822,0,0,0,1,0,0,511808,0,0,0,0,2,0,0,0,0,0,"Jul 2019",8,0,3,0,1
"EYRE",0,0,0,0,0,0,"5121",0,0,0,3833,0,0,1,1,2,0,512104,0,0,0,0,0,0,0,0,0,0,"Jul 2019",8,0,2,0,2
"PENFIELD",0,0,0,0,0,0,"5121",0,0,0,3850,0,0,1,0,0,0,512102,0,0,0,0,1,0,0,0,0,0,"Jul 2019",3,1,0,0,0
"MUNNO PARA WEST",0,0,0,0,5,0,"5115",0,0,0,3865,0,0,2,2,0,0,511504,0,3,0,1,0,2,2,0,0,0,"Jul 2019",33,0,3,0,13
"EVANSTON",0,1,0,0,2,0,"5116",0,0,0,3877,0,1,2,3,3,0,511601,0,1,0,0,0,0,0,0,0,0,"Jul 2019",18,0,4,0,1
"EVANSTON GARDENS",0,0,0,0,0,0,"5116",0,0,0,3889,0,0,0,1,0,0,511602,0,2,0,0,1,1,0,0,0,0,"Jul 2019",15,0,7,0,3
"EVANSTON PARK",0,0,0,0,1,0,"5116",0,0,0,3901,0,0,0,0,7,0,511603,0,1,0,0,0,0,0,0,0,0,"Jul 2019",14,0,5,0,0
"WOODVILLE",0,0,0,0,3,0,"5011",0,0,1,392,0,1,1,1,3,0,501101,0,1,0,0,0,1,0,0,0,0,"Jul 2019",24,1,4,0,7
"ANGLE VALE",0,0,0,0,1,0,"5117",0,0,0,3928,0,0,0,0,5,1,511701,0,0,0,0,0,0,0,0,0,0,"Jul 2019",31,0,23,0,1
"CONCORDIA",0,0,0,0,0,0,"5118",0,0,0,3940,0,0,2,0,0,0,511814,0,0,0,0,0,0,0,0,0,0,"Jul 2019",2,0,0,0,0
"GAWLER",0,0,0,0,0,1,"5118",0,0,0,3946,0,0,0,3,3,0,511803,0,2,0,0,1,1,0,0,0,0,"Jul 2019",28,0,12,0,5
"GAWLER BELT",0,0,0,0,0,0,"5118",0,0,0,3958,0,0,2,0,0,0,511804,0,0,0,0,0,0,2,0,0,0,"Jul 2019",4,0,0,0,0
"ANDREWS FARM",0,0,0,0,10,0,"5114",0,1,0,3970,0,0,4,0,0,0,511401,0,3,0,0,2,2,1,0,3,0,"Jul 2019",37,0,5,0,6
"BLAKEVIEW",0,1,0,0,3,3,"5114",0,1,0,3982,0,0,1,0,5,0,511402,0,2,0,0,1,4,5,0,0,0,"Jul 2019",44,1,7,0,10
"CRAIGMORE",0,1,0,0,8,1,"5114",0,0,0,3994,0,0,4,3,1,0,511403,0,1,0,1,0,1,2,0,0,0,"Jul 2019",38,2,5,0,8
"GOULD CREEK",0,0,0,0,0,0,"5114",0,0,0,4005,0,0,0,0,0,0,511404,0,0,0,0,0,0,1,0,1,0,"Jul 2019",2,0,0,0,0
"ONE TREE HILL",0,0,0,1,0,0,"5114",0,0,0,4020,0,0,0,1,0,0,511406,0,0,0,0,1,0,0,0,0,0,"Jul 2019",5,0,1,1,0
"WARD BELT",0,0,0,0,0,0,"5118",0,0,0,4036,0,0,0,0,0,0,511812,0,0,0,0,0,0,0,0,0,0,"Jul 2019",1,0,1,0,0
"WOODVILLE PARK",0,1,0,0,1,0,"5011",1,0,0,404,0,0,0,0,0,0,501102,0,1,0,0,0,2,3,0,0,0,"Jul 2019",15,0,6,0,0
"GOLDEN GROVE",0,1,0,0,3,0,"5125",0,3,0,4057,0,0,0,0,17,1,512501,0,4,0,0,1,1,2,1,1,0,"Jul 2019",50,0,9,0,6
"GREENWITH",0,0,0,1,2,0,"5125",0,0,0,4069,0,0,0,1,0,0,512502,0,0,0,0,0,1,1,0,0,0,"Jul 2019",10,0,0,0,4
"GREENWITH",0,0,0,0,2,0,"5125",0,0,0,4079,0,0,0,0,0,0,512502,0,0,0,0,0,0,0,0,0,0,"Jul 2019",3,0,1,0,0
"FAIRVIEW PARK",0,0,0,0,0,0,"5126",1,0,0,4085,0,1,0,0,0,0,512601,0,1,0,0,0,0,0,0,0,0,"Jul 2019",3,0,0,0,0
"SURREY DOWNS",0,0,0,0,0,0,"5126",0,0,0,4097,0,0,0,0,1,0,512602,0,1,0,0,0,0,0,0,0,0,"Jul 2019",7,0,5,0,0
"YATALA VALE",0,0,0,0,0,0,"5126",0,0,0,4108,0,0,0,0,0,0,512603,0,0,0,0,0,0,0,0,0,0,"Jul 2019",4,1,3,0,0
"WYNN VALE",0,0,0,0,0,0,"5127",0,0,0,4115,0,0,1,1,0,0,512701,0,0,0,0,0,0,1,0,0,0,"Jul 2019",10,2,3,0,2
"SHEIDOW PARK",0,0,0,0,3,0,"5158",0,0,0,4142,0,0,0,1,0,0,515803,0,1,0,0,0,0,0,0,0,0,"Jul 2019",19,0,8,0,6
"TROTT PARK",0,0,0,1,1,0,"5158",0,0,0,4154,0,0,0,0,0,0,515804,0,0,0,1,0,0,0,0,0,0,"Jul 2019",4,0,0,0,1
"WOODVILLE SOUTH",0,1,0,0,2,0,"5011",0,3,0,417,0,0,2,2,0,0,501103,0,1,0,0,0,2,2,0,0,0,"Jul 2019",24,1,6,0,2
"BASKET RANGE",0,0,0,0,0,0,"5138",0,0,0,4170,0,0,0,0,0,0,513801,0,1,0,0,0,0,0,0,0,0,"Jul 2019",2,0,0,0,1
"BRIDGEWATER",0,0,0,0,3,0,"5155",0,0,0,4194,0,1,0,0,0,0,515501,0,0,0,0,0,0,0,0,0,0,"Jul 2019",4,0,0,0,0
"UPPER STURT",0,0,0,0,0,0,"5156",0,0,0,4204,0,0,0,0,0,0,515601,0,0,0,0,0,0,0,0,0,0,"Jul 2019",1,0,0,0,1
"MACCLESFIELD",0,0,0,0,0,0,"5153",0,0,0,4216,0,0,0,0,0,0,515307,0,0,0,0,0,0,0,0,0,0,"Jul 2019",1,0,1,0,0
"FOREST RANGE",0,0,0,0,0,0,"5139",0,0,1,4237,0,0,0,0,0,0,513901,0,0,0,0,0,0,0,0,0,0,"Jul 2019",1,0,0,0,0
"CRAFERS",0,0,0,0,1,0,"5152",0,0,0,4269,0,0,0,0,0,0,515201,0,0,0,0,0,0,0,0,0,0,"Jul 2019",2,0,0,0,1
"CRAFERS WEST",0,0,0,0,0,0,"5152",0,0,0,4279,0,0,0,0,0,0,515202,0,0,0,0,0,1,0,0,0,0,"Jul 2019",1,0,0,0,0
"STIRLING",0,0,0,0,0,0,"5152",0,0,0,4289,0,0,0,0,0,0,515203,0,1,0,0,0,3,0,0,0,0,"Jul 2019",8,0,3,0,1
"WOODVILLE WEST",0,2,0,2,3,0,"5011",0,0,0,429,0,0,2,1,0,0,501104,0,2,0,0,1,0,2,0,0,0,"Jul 2019",38,1,17,0,5
"ECHUNGA",0,0,0,0,0,0,"5153",0,0,0,4303,0,0,0,0,0,0,515310,0,0,0,0,0,0,0,0,0,0,"Jul 2019",1,0,1,0,0
"HEWETT",0,0,0,0,1,0,"5118",0,0,0,4313,0,0,0,0,0,0,511809,0,0,0,0,0,0,0,0,0,0,"Jul 2019",1,0,0,0,0
"KANGAROO FLAT",0,0,0,0,0,0,"5118",0,0,0,4326,0,0,0,0,0,1,511810,0,0,0,0,0,1,0,0,0,0,"Jul 2019",3,0,0,0,1
"KANGARILLA",0,0,0,0,0,0,"5157",0,0,1,4332,0,0,0,0,0,0,515705,0,0,0,0,0,0,0,0,0,0,"Jul 2019",2,0,1,0,0
"HALLETT COVE",0,0,0,0,1,0,"5158",0,0,0,4341,0,0,2,1,2,0,515801,0,6,0,0,0,1,1,0,0,0,"Jul 2019",27,1,6,0,6
"O'HALLORAN HILL",0,0,0,0,1,0,"5158",0,0,0,4353,0,0,0,1,0,0,515802,0,0,0,0,0,0,0,0,0,0,"Jul 2019",5,0,1,0,2
"ALDINGA",0,0,0,0,0,0,"5173",0,0,0,4371,0,0,0,0,0,0,517301,0,0,0,0,0,1,0,0,0,0,"Jul 2019",14,0,13,0,0
"ALDINGA BEACH",0,0,0,0,4,3,"5173",0,0,1,4383,0,2,3,7,1,0,517302,0,5,1,0,0,1,1,1,0,0,"Jul 2019",51,1,9,0,11
"PORT WILLUNGA",0,1,0,0,0,0,"5173",0,0,0,4395,0,0,0,1,0,0,517303,0,0,0,0,0,1,1,0,0,0,"Jul 2019",7,1,2,0,0
"PORT NOARLUNGA",0,0,0,0,0,1,"5167",0,0,0,4407,0,0,0,0,0,0,516701,0,1,0,0,0,0,1,1,0,0,"Jul 2019",9,0,4,0,1
"ATHOL PARK",0,2,0,1,2,0,"5012",0,0,0,441,0,0,0,0,1,0,501201,0,2,0,0,1,2,1,0,0,0,"Jul 2019",13,0,1,0,0
"CHANDLERS HILL",0,0,0,0,0,0,"5159",0,0,0,4414,0,0,0,0,0,0,515902,0,0,0,0,1,0,1,0,0,0,"Jul 2019",2,0,0,0,0
"FLAGSTAFF HILL",0,0,0,0,1,1,"5159",0,0,0,4423,0,0,0,0,0,0,515903,0,1,0,0,0,0,1,0,1,0,"Jul 2019",11,2,1,0,3
"HAPPY VALLEY",0,0,0,0,2,0,"5159",0,0,0,4435,0,1,2,3,3,0,515904,0,0,0,0,0,0,1,0,0,0,"Jul 2019",21,0,3,0,6
"LONSDALE",0,1,0,1,2,0,"5160",0,0,0,4447,0,0,0,0,0,0,516001,0,0,0,0,0,1,0,0,1,0,"Jul 2019",14,3,4,0,1
"OLD REYNELLA",0,0,0,0,0,0,"5161",0,0,0,4459,0,1,0,1,8,0,516102,0,1,0,0,0,1,1,0,0,0,"Jul 2019",28,0,14,0,1
"REYNELLA",0,1,0,0,1,0,"5161",0,0,1,4471,0,0,0,0,0,0,516101,0,1,0,0,0,0,1,0,1,0,"Jul 2019",12,0,4,0,2
"REYNELLA EAST",0,0,0,0,0,0,"5161",0,0,0,4483,0,0,0,0,0,0,516103,0,0,0,0,0,0,0,0,0,0,"Jul 2019",1,0,0,0,1
"PORT NOARLUNGA SOUTH",0,1,0,0,1,0,"5167",0,0,0,4495,0,0,1,0,0,0,516702,0,0,0,0,0,1,0,0,0,0,"Jul 2019",8,1,1,0,2
"BOWDEN",0,4,0,1,5,0,"5007",0,0,0,45,0,1,2,0,0,0,500701,0,0,0,0,0,1,0,0,1,0,"Jul 2019",24,1,5,0,3
"NOARLUNGA CENTRE",0,4,0,0,1,0,"5168",0,1,0,4507,0,0,0,6,38,1,516802,0,5,0,0,2,1,1,0,1,0,"Jul 2019",83,0,18,1,3
"NOARLUNGA DOWNS",0,2,0,0,5,0,"5168",0,0,0,4519,0,0,3,0,2,0,516803,0,3,0,0,0,2,1,1,0,0,"Jul 2019",33,1,6,0,7
"MANSFIELD PARK",0,2,0,0,14,3,"5012",0,1,0,453,0,0,3,0,1,1,501202,0,0,0,0,0,1,0,1,0,0,"Jul 2019",46,1,4,0,14
"OLD NOARLUNGA",0,1,0,0,1,0,"5168",0,0,0,4534,0,1,0,0,1,0,516801,0,1,0,0,1,0,0,0,0,0,"Jul 2019",14,1,6,0,1
"MOANA",0,0,0,0,0,0,"5169",0,0,0,4546,0,1,2,0,2,0,516901,0,2,0,0,1,0,0,0,0,0,"Jul 2019",13,1,1,0,3
"SEAFORD",0,2,0,1,3,0,"5169",0,1,0,4558,0,1,0,1,10,0,516902,0,7,0,0,0,0,0,0,1,0,"Jul 2019",53,3,13,0,10
"ABERFOYLE PARK",0,0,1,0,1,1,"5159",0,0,0,4570,0,6,1,1,2,0,515901,0,1,0,0,0,0,1,0,0,0,"Jul 2019",26,2,7,0,2
"COROMANDEL EAST",0,0,0,0,0,0,"5157",0,0,0,4592,0,0,0,1,0,0,515703,0,0,0,0,0,0,0,0,0,0,"Jul 2019",1,0,0,0,0
"CHRISTIES BEACH",0,1,0,0,17,0,"5165",0,2,0,4599,0,1,6,5,8,1,516501,0,3,0,0,2,1,1,1,0,0,"Jul 2019",70,0,13,0,8
"O'SULLIVAN BEACH",0,1,0,0,1,0,"5166",0,0,0,4611,0,1,2,0,0,0,516601,0,1,0,0,0,0,2,0,0,0,"Jul 2019",13,0,3,0,2
"SEAFORD HEIGHTS",0,0,0,0,0,0,"5169",0,0,0,4623,0,0,0,0,1,0,516905,0,0,0,0,0,0,0,0,0,0,"Jul 2019",3,0,1,0,1
"SEAFORD MEADOWS",0,1,0,1,1,1,"5169",0,0,0,4635,0,0,1,0,1,0,516904,0,0,0,0,1,0,2,0,0,0,"Jul 2019",13,1,2,0,1
"SEAFORD RISE",0,0,0,0,3,0,"5169",0,0,0,4647,0,2,0,1,0,0,516903,0,0,0,0,0,1,0,0,2,0,"Jul 2019",21,0,3,0,9
"WOODVILLE GARDENS",0,1,0,0,1,1,"5012",0,1,0,465,0,0,2,0,1,0,501203,0,4,0,0,1,1,1,0,1,0,"Jul 2019",25,2,3,1,4
"MASLIN BEACH",0,0,0,0,0,0,"5170",0,0,0,4659,0,0,0,0,0,0,517001,0,0,0,0,0,0,1,0,0,0,"Jul 2019",1,0,0,0,0
"MCLAREN VALE",0,1,0,0,1,0,"5171",0,0,1,4682,0,1,0,0,2,0,517103,0,1,0,0,0,0,0,1,0,0,"Jul 2019",9,0,1,0,0
"TATACHILLA",0,0,0,0,0,0,"5171",0,0,0,4694,0,0,1,0,0,0,517104,0,0,0,0,0,0,0,0,0,0,"Jul 2019",4,1,2,0,0
"DINGABLEDINGA",0,0,0,0,0,0,"5172",0,0,0,4699,0,0,0,0,0,0,517208,0,0,0,0,0,0,0,0,1,0,"Jul 2019",1,0,0,0,0
"WHITES VALLEY",0,0,0,0,0,0,"5172",0,0,0,4709,0,0,1,0,0,0,517202,0,0,0,0,0,0,0,0,0,0,"Jul 2019",1,0,0,0,0
"PORT ELLIOT",0,0,0,0,0,0,"5212",0,0,0,4730,0,0,2,1,1,0,521201,0,0,0,0,0,0,0,0,0,0,"Jul 2019",6,0,0,0,2
"MIDDLETON",0,0,0,0,0,0,"5213",0,2,0,4742,0,0,2,0,0,0,521301,0,0,0,0,0,0,0,0,0,0,"Jul 2019",5,0,1,0,0
"SELLICKS BEACH",0,0,0,0,0,0,"5174",0,0,0,4754,0,0,2,0,0,0,517401,0,1,0,0,0,0,0,0,0,0,"Jul 2019",7,0,1,0,3
"NORMANVILLE",0,0,0,0,4,0,"5204",0,0,0,4765,0,0,0,0,0,0,520402,0,1,0,0,0,2,0,0,0,0,"Jul 2019",12,0,2,0,3
"WOODVILLE NORTH",0,0,0,0,5,0,"5012",0,1,0,477,0,0,1,1,3,0,501204,0,0,0,0,1,3,0,0,1,0,"Jul 2019",21,0,3,0,2
"RAPID BAY",0,0,0,0,0,0,"5204",0,0,0,4773,0,0,0,0,0,0,520405,0,0,0,0,0,0,0,0,0,0,"Jul 2019",1,0,1,0,0
"SECOND VALLEY",0,0,0,0,0,0,"5204",0,0,0,4779,0,0,0,0,0,0,520404,0,0,0,0,0,0,0,0,0,0,"Jul 2019",1,0,1,0,0
"MOUNT COMPASS",0,0,0,0,0,0,"5210",0,0,0,4793,0,0,0,0,0,0,521001,0,0,0,0,0,0,0,0,0,0,"Jul 2019",2,0,0,0,2
"ENCOUNTER BAY",0,0,0,0,1,0,"5211",0,0,0,4805,0,0,2,0,0,0,521101,0,2,0,0,1,0,0,0,0,0,"Jul 2019",10,1,0,0,3
"HAYBOROUGH",0,0,0,1,0,0,"5211",0,0,2,4817,0,0,0,0,0,0,521102,0,0,0,2,0,0,0,0,0,0,"Jul 2019",8,2,0,0,1
"NANGKITA",0,0,0,0,0,0,"5210",0,0,0,4829,0,0,0,0,0,0,521003,0,0,0,0,0,0,1,0,0,0,"Jul 2019",1,0,0,0,0
"SELLICKS HILL",0,0,0,0,1,0,"5174",0,0,0,4836,0,0,0,0,0,0,517402,0,0,0,0,1,1,1,0,0,0,"Jul 2019",5,0,1,0,0
"MEADOWS",0,0,0,0,0,0,"5201",0,0,0,4850,0,0,0,0,0,0,520104,0,1,0,0,0,0,1,0,0,0,"Jul 2019",3,0,1,0,0
"MYPONGA",0,0,0,0,0,0,"5202",0,0,0,4868,0,0,0,1,0,0,520203,0,0,0,0,0,0,0,0,0,0,"Jul 2019",2,0,0,0,1
"MYPONGA BEACH",0,0,0,0,0,0,"5202",0,0,0,4876,0,0,0,0,0,0,520202,0,0,0,0,0,1,0,0,0,0,"Jul 2019",1,0,0,0,0
"GILLMAN",0,0,0,0,0,1,"5013",0,0,0,489,0,0,0,0,0,0,501301,0,0,0,0,0,0,1,0,1,0,"Jul 2019",3,0,0,0,0
"YANKALILLA",0,0,0,0,0,0,"5203",0,0,0,4892,0,0,0,0,0,0,520301,0,1,0,0,0,0,1,0,0,0,"Jul 2019",3,0,0,0,1
"CARRICKALINGA",0,0,0,0,1,0,"5204",0,0,0,4905,0,0,1,0,0,0,520401,0,0,0,0,0,0,0,0,0,0,"Jul 2019",3,0,0,0,1
"DELAMERE",0,0,0,0,0,0,"5204",0,0,0,4911,0,0,1,0,0,0,520407,0,0,0,0,0,0,0,0,0,0,"Jul 2019",1,0,0,0,0
"MORPHETT VALE",0,3,2,2,18,1,"5162",0,1,1,4919,0,7,14,14,7,1,516201,0,11,0,0,3,4,6,1,1,1,"Jul 2019",143,3,16,0,26
"WOODCROFT",0,0,0,0,5,0,"5162",0,1,0,4931,0,1,3,4,1,1,516202,0,0,0,0,0,1,2,0,0,0,"Jul 2019",34,0,4,1,10
"HACKHAM",0,0,0,0,2,0,"5163",0,0,0,4943,0,0,1,0,0,0,516301,0,0,0,0,1,0,0,0,0,0,"Jul 2019",19,1,6,0,8
"HACKHAM WEST",0,0,0,0,10,0,"5163",0,0,0,4955,0,0,3,0,0,0,516302,0,0,0,0,0,2,1,0,0,0,"Jul 2019",20,0,2,0,2
"HUNTFIELD HEIGHTS",0,1,0,0,13,0,"5163",0,0,0,4967,0,0,2,0,2,1,516304,0,1,0,0,1,0,0,0,0,0,"Jul 2019",29,0,3,0,5
"ONKAPARINGA HILLS",0,0,0,0,1,1,"5163",0,0,0,4977,0,0,0,0,0,0,516303,0,0,0,0,0,1,1,0,0,0,"Jul 2019",5,0,0,0,1
"CHRISTIE DOWNS",0,2,0,3,5,0,"5164",0,0,1,4989,0,0,7,5,0,0,516401,0,5,0,0,0,0,0,0,0,0,"Jul 2019",55,4,8,0,15
"CURRENCY CREEK",0,0,0,0,0,0,"5214",0,0,0,5013,0,0,0,0,0,0,521407,0,0,0,0,0,0,0,0,0,0,"Jul 2019",1,0,1,0,0
"GOOLWA",0,0,0,0,0,0,"5214",0,0,0,5021,0,2,1,1,3,0,521401,0,0,0,0,0,0,0,0,0,0,"Jul 2019",11,0,2,0,2
"AMATA",0,2,0,0,0,0,"0872",0,0,0,503,0,0,0,0,0,0,87206,0,0,0,0,0,0,0,0,0,0,"Jul 2019",3,0,0,0,1
"GOOLWA BEACH",0,0,0,0,1,0,"5214",0,0,0,5033,0,0,2,1,0,0,521402,0,1,0,0,1,2,1,0,0,0,"Jul 2019",9,0,0,0,0
"GOOLWA NORTH",0,0,0,0,0,0,"5214",0,0,0,5045,0,0,0,0,0,0,521403,0,0,0,0,0,0,0,0,0,0,"Jul 2019",1,1,0,0,0
"GOOLWA SOUTH",0,0,0,1,0,0,"5214",0,0,0,5055,0,0,3,0,0,0,521404,0,0,0,0,1,0,2,0,0,0,"Jul 2019",8,0,0,0,1
"MCCRACKEN",0,0,0,0,0,0,"5211",0,0,0,5076,0,0,1,0,0,0,521103,0,0,0,0,0,0,1,0,0,0,"Jul 2019",4,0,1,0,1
"VICTOR HARBOR",0,0,0,0,0,0,"5211",0,0,0,5092,0,0,0,3,2,0,521104,0,2,0,0,2,0,0,1,0,0,"Jul 2019",15,1,1,0,3
"PENNESHAW",0,0,0,0,0,0,"5222",0,0,0,5108,0,0,0,0,0,0,522208,0,0,0,0,0,0,0,0,0,0,"Jul 2019",1,0,1,0,0
"BROWNLOW KI",0,1,0,0,0,0,"5223",0,0,0,5120,0,0,0,0,0,0,522325,0,0,0,0,0,0,0,0,0,0,"Jul 2019",2,0,0,0,1
"SANDERSTON",0,0,0,0,0,0,"5237",0,0,0,5125,0,0,0,0,0,0,523701,0,0,0,0,0,0,0,0,0,0,"Jul 2019",1,0,1,0,0
"ANGAS VALLEY",0,0,0,0,0,0,"5238",0,0,0,5128,0,0,0,0,0,0,523809,0,1,0,0,0,0,0,0,0,0,"Jul 2019",2,1,0,0,0
"CAURNAMONT",0,0,0,0,0,0,"5238",0,0,0,5137,0,0,0,0,0,0,523812,0,0,0,0,0,0,1,0,0,0,"Jul 2019",1,0,0,0,0
"CUDLEE CREEK",0,0,0,0,0,0,"5232",0,0,0,5173,0,0,0,0,0,0,523201,0,0,0,0,0,0,0,0,0,0,"Jul 2019",1,0,1,0,0
"FORRESTON",0,0,0,0,0,0,"5233",0,0,0,5179,0,0,1,0,0,0,523302,0,0,0,0,0,0,1,0,0,0,"Jul 2019",3,0,1,0,0
"IWANTJA",0,2,0,0,0,0,"0872",0,0,0,520,0,0,0,0,0,0,87209,0,0,0,0,0,0,0,0,0,0,"Jul 2019",2,0,0,0,0
"HAINES",0,0,0,0,1,0,"5223",0,0,0,5211,0,0,0,0,0,0,522328,0,0,0,0,0,0,0,0,0,0,"Jul 2019",1,0,0,0,0
"KARATTA",0,0,0,0,0,0,"5223",0,0,0,5213,0,0,0,0,0,0,522306,0,0,0,0,0,0,0,0,0,0,"Jul 2019",1,0,1,0,0
"MACGILLIVRAY",0,0,0,0,1,0,"5223",0,0,0,5218,0,0,0,0,0,0,522316,0,0,0,0,0,0,0,0,0,0,"Jul 2019",1,0,0,0,0
"KINGSCOTE",0,0,0,0,0,0,"5223",0,0,0,5224,0,0,0,0,0,0,522324,0,0,0,0,0,0,0,0,0,0,"Jul 2019",2,0,1,0,1
"STOKES BAY",0,0,0,0,0,0,"5223",0,0,0,5243,0,0,0,0,0,0,522312,0,0,0,0,0,0,0,0,0,0,"Jul 2019",1,0,1,0,0
"HINDMARSH ISLAND",0,0,1,0,0,0,"5214",0,0,0,5254,0,0,1,1,0,0,521406,0,1,0,0,0,0,0,0,0,0,"Jul 2019",6,0,0,0,2
"IWANTJA",0,2,0,0,0,0,"0872",0,0,0,526,0,0,0,0,0,0,87209,0,1,0,0,0,0,0,0,0,0,"Jul 2019",3,0,0,0,0
"MOBILONG",0,0,0,0,0,0,"5253",0,0,0,5272,0,0,0,0,0,0,525310,0,0,0,0,0,0,0,0,0,0,"Jul 2019",1,0,1,0,0
"HAHNDORF",0,0,0,1,0,0,"5245",0,0,0,5279,0,0,5,0,0,0,524501,0,1,0,0,1,0,1,0,0,0,"Jul 2019",11,0,1,0,1
"MANNUM",0,0,1,0,0,0,"5238",0,0,0,5299,0,0,0,1,0,0,523827,0,1,0,0,0,0,0,1,0,0,"Jul 2019",12,0,4,0,4
"PONDE",0,0,0,0,0,0,"5238",0,0,0,5312,0,0,0,0,0,0,523829,0,0,0,0,0,1,0,0,0,0,"Jul 2019",1,0,0,0,0
"LITTLEHAMPTON",0,0,0,0,0,0,"5250",0,0,0,5325,0,0,0,1,0,0,525001,0,0,0,0,1,0,0,0,1,0,"Jul 2019",7,1,2,0,1
"TOTNESS",0,0,0,0,0,0,"5250",0,0,0,5337,0,0,0,0,3,0,525002,0,0,0,0,0,0,0,0,0,0,"Jul 2019",5,0,2,0,0
"MOUNT BARKER",0,1,0,0,3,1,"5251",1,3,0,5351,0,1,4,3,5,1,525101,0,2,0,0,0,3,2,1,0,0,"Jul 2019",74,4,23,0,16
"TUNGKILLO",0,0,0,0,0,0,"5236",0,0,0,5372,0,0,0,0,0,0,523601,0,1,0,0,0,0,0,0,0,0,"Jul 2019",1,0,0,0,0
"LOBETHAL",0,0,0,0,0,0,"5241",0,0,0,5388,0,0,1,0,0,0,524101,0,0,0,0,0,0,1,0,0,0,"Jul 2019",2,0,0,0,0
"BALHANNAH",0,0,0,0,0,0,"5242",0,0,0,5400,0,0,0,1,0,0,524201,0,0,0,0,0,0,0,0,0,0,"Jul 2019",3,0,2,0,0
"MOUNT TORRENS",0,0,0,0,1,0,"5244",0,0,0,5418,0,0,0,1,0,0,524402,0,0,0,0,0,0,1,0,0,0,"Jul 2019",3,0,0,0,0
"WOODSIDE",0,0,0,0,0,0,"5244",0,0,0,5428,0,0,0,0,0,0,524403,0,0,0,0,0,0,0,0,0,0,"Jul 2019",1,0,1,0,0
"BRUKUNGA",0,0,0,0,0,0,"5252",0,0,0,5442,0,0,0,0,0,0,525204,0,0,0,0,0,0,0,0,0,0,"Jul 2019",2,0,2,0,0
"KANMANTOO",0,0,0,0,0,0,"5252",0,0,0,5450,0,0,0,0,0,0,525205,0,0,0,0,0,0,0,0,0,0,"Jul 2019",1,0,1,0,0
"NAIRNE",0,0,0,0,0,0,"5252",0,0,0,5458,0,1,0,0,0,0,525201,0,0,0,0,1,0,0,0,0,0,"Jul 2019",5,1,1,0,1
"BURDETT",0,0,0,0,0,0,"5253",0,1,0,5475,0,0,0,0,0,0,525303,0,0,0,0,0,0,0,0,0,0,"Jul 2019",3,0,1,0,1
"FINNISS",0,0,0,0,0,0,"5255",0,0,0,5488,0,0,0,0,0,0,525519,0,0,0,0,0,0,0,0,0,0,"Jul 2019",1,0,1,0,0
"STRATHALBYN",0,2,0,0,0,0,"5255",0,0,0,5503,0,0,1,1,0,0,525509,0,0,0,0,0,5,5,0,0,0,"Jul 2019",22,1,5,0,2
"MURRAY BRIDGE",0,2,0,0,3,1,"5253",0,5,0,5526,0,1,6,2,12,0,525315,0,13,0,0,0,7,4,2,1,0,"Jul 2019",104,2,19,0,24
"MIMILI",0,0,2,0,0,0,"0872",0,0,0,553,0,0,1,0,0,0,87212,0,0,0,0,0,0,0,0,0,0,"Jul 2019",7,1,1,0,2
"MURRAY BRIDGE EAST",0,0,0,0,0,0,"5253",0,0,0,5538,0,0,0,0,2,0,525313,0,1,0,0,0,0,0,0,0,0,"Jul 2019",5,0,2,0,0
"MURRAY BRIDGE SOUTH",0,0,0,0,0,0,"5253",0,0,0,5548,0,0,0,0,0,0,525318,0,0,0,1,0,0,0,0,0,0,"Jul 2019",1,0,0,0,0
"NORTHERN HEIGHTS",0,0,0,0,0,0,"5253",0,0,0,5554,0,0,0,0,1,0,525309,0,0,0,0,0,0,0,0,0,0,"Jul 2019",1,0,0,0,0
"SWANPORT",0,0,0,0,0,0,"5253",0,0,0,5569,0,0,0,0,0,0,525319,0,0,0,0,0,0,0,0,0,0,"Jul 2019",1,0,1,0,0
"TOORA",0,0,0,0,0,0,"5253",0,0,0,5571,0,0,0,0,0,0,525305,0,1,0,0,0,0,0,0,0,0,"Jul 2019",2,0,0,0,1
"WOODS POINT",0,0,0,0,0,0,"5253",0,0,0,5577,0,0,0,0,0,0,525308,0,0,0,0,0,0,1,0,0,0,"Jul 2019",1,0,0,0,0
"CALLINGTON",0,0,0,0,0,0,"5254",0,0,0,5582,0,0,0,1,0,0,525407,0,0,0,0,0,0,0,0,0,0,"Jul 2019",1,0,0,0,0
"MONARTO SOUTH",0,0,0,1,0,0,"5254",0,0,0,5594,0,0,0,0,0,0,525408,0,0,0,0,0,0,0,0,0,0,"Jul 2019",1,0,0,0,0
"MYPOLONGA",0,0,0,0,0,0,"5254",0,0,0,5600,0,0,0,0,0,0,525405,0,1,0,0,0,0,0,0,0,0,"Jul 2019",1,0,0,0,0
"ROCKY GULLY",0,0,0,0,0,0,"5254",0,0,0,5614,0,0,0,1,0,0,525409,0,0,0,0,0,0,0,0,0,0,"Jul 2019",2,0,0,0,1
"WALKER FLAT",0,0,0,0,0,0,"5238",0,0,0,5635,0,0,0,0,0,0,523811,0,0,0,0,0,0,0,0,0,0,"Jul 2019",2,0,0,0,2
"YOUNGHUSBAND",0,0,0,0,0,0,"5238",0,1,0,5643,0,0,0,0,0,0,523815,0,0,0,0,0,0,0,0,0,0,"Jul 2019",2,0,1,0,0
"KONGAL",0,0,0,0,0,0,"5270",0,0,0,5664,0,0,0,0,0,0,527002,0,0,0,0,0,1,0,0,0,0,"Jul 2019",1,0,0,0,0
"NARRUNG",0,0,0,0,0,0,"5259",0,0,0,5671,0,0,0,0,0,0,525907,0,1,0,0,0,0,0,0,0,0,"Jul 2019",1,0,0,0,0
"ELWOMPLE",0,0,0,0,1,0,"5260",0,0,0,5684,0,0,0,0,0,0,526002,0,0,0,0,0,0,0,0,0,0,"Jul 2019",1,0,0,0,0
"KEITH",0,0,0,0,0,0,"5267",0,0,0,5691,0,0,0,0,0,0,526706,0,0,0,0,1,0,0,0,0,0,"Jul 2019",2,0,1,0,0
"WEST HINDMARSH",0,1,0,2,0,0,"5007",0,0,0,57,0,0,1,0,0,0,500705,0,0,0,0,0,0,1,0,0,0,"Jul 2019",12,0,2,0,5
"SHERWOOD",0,1,0,0,0,0,"5267",0,0,0,5703,0,0,0,0,0,0,526707,0,0,0,0,0,0,0,0,0,0,"Jul 2019",1,0,0,0,0
"WILLALOOKA",0,0,0,0,2,0,"5267",0,0,0,5707,0,0,0,0,0,0,526711,0,0,0,0,0,2,1,0,0,0,"Jul 2019",6,0,1,0,0
"WIRREGA",0,1,0,0,0,0,"5267",0,0,0,5710,0,0,0,0,0,0,526709,0,0,0,0,0,0,0,0,0,0,"Jul 2019",2,0,0,0,1
"JERVOIS",0,0,0,0,1,0,"5259",0,0,0,5717,0,0,0,0,0,0,525903,0,0,0,0,0,0,1,0,0,0,"Jul 2019",2,0,0,0,0
"WILLYAROO",0,0,0,0,0,0,"5255",0,0,0,5722,0,0,0,0,0,0,525516,0,0,0,0,0,0,1,0,0,0,"Jul 2019",3,1,1,0,0
"MILANG",0,0,0,0,0,0,"5256",0,0,0,5736,0,0,0,0,0,0,525603,0,0,0,0,0,1,0,0,1,0,"Jul 2019",4,0,1,0,1
"PIPALYATJARA",0,0,0,0,1,0,"0872",0,0,0,574,0,0,1,0,0,0,87215,0,1,0,0,0,0,0,0,0,0,"Jul 2019",3,0,0,0,0
"MENINGIE",0,0,0,0,1,0,"5264",0,0,0,5760,0,0,1,1,0,0,526403,0,1,0,0,0,0,0,0,0,0,"Jul 2019",6,0,0,0,2
"COONALPYN",0,0,0,1,0,0,"5265",0,0,0,5773,0,0,0,0,0,0,526501,0,0,0,0,0,0,0,0,0,0,"Jul 2019",2,0,1,0,0
"TINTINARA",0,0,0,0,1,0,"5266",0,0,0,5785,0,0,0,0,0,0,526602,0,0,0,0,0,0,0,0,0,0,"Jul 2019",2,0,0,0,1
"BORDERTOWN",0,0,0,0,0,0,"5268",0,0,0,5797,0,0,0,2,0,0,526804,0,1,0,0,0,0,0,0,0,0,"Jul 2019",7,0,4,0,0
"FURNER",0,0,0,0,0,0,"5280",0,0,0,5804,0,0,0,0,0,0,528002,0,0,0,0,0,0,0,0,0,0,"Jul 2019",1,0,1,0,0
"GERMAN FLAT",0,0,0,0,0,0,"5280",0,0,0,5805,0,0,0,0,0,0,528003,0,0,0,0,0,1,0,0,0,0,"Jul 2019",1,0,0,0,0
"MAGAREY",0,0,0,0,0,0,"5280",0,0,0,5809,0,0,0,0,0,0,528016,0,0,0,0,0,0,0,0,0,0,"Jul 2019",1,0,1,0,0
"MILLICENT",0,0,2,0,2,0,"5280",0,0,0,5815,0,2,0,2,0,1,528005,0,0,0,0,0,2,2,0,0,0,"Jul 2019",26,3,3,0,7
"KINGSTON SE",0,0,0,0,0,0,"5275",0,0,0,5836,0,0,0,0,0,0,527505,0,1,0,0,0,0,0,0,0,0,"Jul 2019",2,0,0,0,1
"ROSETOWN",0,0,0,0,0,0,"5275",0,0,0,5843,0,0,0,0,0,0,527506,0,0,0,0,0,0,0,0,0,0,"Jul 2019",1,0,1,0,0
"PUKATJA",0,0,0,0,0,1,"0872",0,0,0,586,0,0,0,0,0,0,87207,0,3,0,0,0,1,0,0,0,0,"Jul 2019",6,0,0,0,1
"ROBE",0,0,0,0,1,0,"5276",0,0,0,5861,0,0,0,0,0,0,527603,0,0,0,0,0,0,1,0,0,0,"Jul 2019",4,0,1,0,1
"NANGWARRY",0,0,0,0,0,0,"5277",0,0,0,5879,0,1,0,0,0,0,527704,0,0,0,0,0,1,0,0,0,0,"Jul 2019",3,0,1,0,0
"PENOLA",0,0,0,0,1,0,"5277",0,0,0,5890,0,0,0,0,0,0,527708,0,0,0,0,0,0,0,0,0,0,"Jul 2019",5,1,3,0,0
"NARACOORTE",0,0,0,0,0,0,"5271",0,0,2,5925,0,0,2,0,6,0,527110,0,0,0,1,2,4,1,1,0,0,"Jul 2019",28,0,3,0,6
"TAILEM BEND",0,0,0,0,2,1,"5260",0,0,0,5959,0,1,1,0,1,0,526001,0,0,0,0,0,2,0,0,0,0,"Jul 2019",21,0,9,0,4
"UMUWA",0,0,0,0,0,0,"0872",0,0,0,596,0,0,0,0,0,0,87216,0,0,0,0,0,0,0,0,0,0,"Jul 2019",1,1,0,0,0
"BEACHPORT",0,0,0,0,0,0,"5280",0,0,0,5976,0,0,0,0,0,0,528013,0,0,0,0,0,1,0,0,0,0,"Jul 2019",2,0,0,0,1
"WELLAND",0,0,0,0,2,0,"5007",0,0,0,6,0,0,0,0,4,2,500704,0,0,0,0,0,4,0,0,0,0,"Jul 2019",15,0,3,0,0
"KINGSTON ON MURRAY",0,0,0,0,0,0,"5331",0,0,0,6033,0,1,0,0,0,0,533101,0,0,0,0,0,0,0,0,0,0,"Jul 2019",4,0,3,0,0
"ROSEWORTHY",0,0,0,0,0,0,"5371",0,0,0,6050,0,0,0,0,0,0,537101,0,0,0,0,0,0,0,0,0,0,"Jul 2019",2,0,2,0,0
"TEMPLERS",0,0,0,0,0,1,"5371",0,0,0,6061,0,0,0,0,0,0,537103,0,0,0,0,0,0,0,0,0,0,"Jul 2019",1,0,0,0,0
"FREELING",0,0,0,0,0,1,"5372",0,0,0,6067,0,0,1,1,0,0,537201,0,0,0,0,0,0,0,0,0,0,"Jul 2019",4,0,1,0,0
"EDWARDSTOWN",0,0,0,0,2,0,"5039",0,6,0,609,0,0,3,1,11,0,503902,0,1,0,0,0,1,0,1,2,0,"Jul 2019",52,1,13,0,10
"MOUNT GAMBIER",0,1,0,0,6,1,"5290",0,2,1,6090,0,0,9,7,0,1,529001,0,7,0,0,3,2,4,1,2,0,"Jul 2019",84,3,17,0,17
"LOXTON",0,0,0,0,1,0,"5333",0,0,0,6116,0,1,2,2,0,0,533306,0,2,0,0,1,0,0,0,0,0,"Jul 2019",14,0,5,0,0
"LOXTON NORTH",0,0,0,0,1,0,"5333",0,0,0,6125,0,0,0,0,0,0,533307,0,0,0,0,0,0,0,0,0,0,"Jul 2019",3,0,1,0,1
"ORROROO",0,0,0,0,0,0,"5431",0,0,0,6138,0,0,0,1,0,0,543108,0,0,0,0,0,0,1,0,0,0,"Jul 2019",2,0,0,0,0
"CARPENTER ROCKS",0,0,0,0,0,0,"5291",0,0,0,6145,0,0,1,0,0,0,529107,0,0,0,0,0,0,0,0,0,0,"Jul 2019",2,0,0,0,1
"COMPTON",0,0,0,0,1,0,"5291",0,0,0,6151,0,0,0,0,0,0,529130,0,0,0,0,0,1,0,0,0,0,"Jul 2019",2,0,0,0,0
"GERMAN CREEK",0,0,0,0,1,0,"5291",0,0,0,6163,0,0,0,0,0,0,529118,0,0,0,0,0,0,0,0,0,0,"Jul 2019",1,0,0,0,0
"GLENBURNIE",0,0,0,0,0,0,"5291",0,0,0,6167,0,0,0,0,0,0,529121,0,0,0,0,0,0,0,0,0,0,"Jul 2019",1,0,1,0,0
"PYAP",0,0,0,0,0,0,"5333",0,0,0,6171,0,0,0,0,0,0,533303,0,0,0,0,0,0,0,0,0,0,"Jul 2019",1,0,1,0,0
"PARINGA",0,0,0,0,0,0,"5340",0,0,1,6183,0,0,0,0,0,0,534002,0,0,0,0,0,0,0,0,0,0,"Jul 2019",2,0,1,0,0
"HAMILTON",0,0,0,0,0,0,"5373",0,0,0,6192,0,0,0,0,0,0,537301,0,0,0,0,0,0,0,0,0,0,"Jul 2019",2,1,1,0,0
"KAPUNDA",0,0,0,1,1,0,"5373",0,0,0,6199,0,0,1,2,1,0,537304,0,0,0,0,0,1,0,0,0,0,"Jul 2019",9,0,1,0,1
"MELROSE PARK",0,0,0,0,0,1,"5039",0,0,0,621,0,0,0,0,2,0,503903,0,0,0,0,0,1,0,0,0,0,"Jul 2019",7,1,0,0,2
"SUTTONTOWN",0,0,0,0,0,0,"5291",0,0,0,6216,0,0,0,0,0,0,529119,0,1,0,0,0,0,0,0,0,0,"Jul 2019",2,0,1,0,0
"OLD CALPERUM",0,0,0,0,0,0,"5341",0,0,0,6268,0,0,0,0,0,0,534107,0,0,0,0,0,0,0,0,0,0,"Jul 2019",3,2,0,0,1
"GLENCOE",0,0,0,0,0,0,"5291",0,0,0,6284,0,0,0,0,0,2,529102,0,0,0,0,0,0,0,0,0,0,"Jul 2019",2,0,0,0,0
"NOVAR GARDENS",0,0,0,2,1,0,"5040",0,0,0,633,0,0,1,0,0,0,504001,0,0,0,0,0,0,2,0,0,0,"Jul 2019",10,1,1,0,2
"PEAKE",0,0,0,0,0,0,"5301",0,0,0,6331,0,0,0,0,0,0,530106,0,0,0,0,0,0,0,0,0,0,"Jul 2019",1,0,0,0,1
"LAMEROO",0,0,0,0,0,0,"5302",0,0,0,6340,0,0,0,0,0,0,530201,0,0,0,0,0,1,0,0,0,0,"Jul 2019",1,0,0,0,0
"CALPERUM STATION",0,0,0,0,0,0,"5341",0,0,0,6355,0,0,0,0,0,0,534110,0,0,0,0,0,0,0,0,0,0,"Jul 2019",1,0,1,0,0
"BROWNLOW",0,0,0,0,0,0,"5374",0,0,0,6359,0,0,0,0,0,0,537414,0,0,0,0,0,0,1,0,0,0,"Jul 2019",1,0,0,0,0
"QUORN",0,0,0,0,0,0,"5433",0,1,0,6365,0,0,0,0,0,0,543303,0,1,0,0,0,0,0,0,0,0,"Jul 2019",6,1,1,0,2
"MONASH",0,0,0,0,0,0,"5342",0,0,0,6381,0,0,0,0,0,0,534201,0,1,0,0,0,1,0,0,0,0,"Jul 2019",3,0,0,0,1
"BERRI",0,0,0,0,3,0,"5343",0,0,0,6391,0,1,0,2,9,0,534303,0,1,0,1,1,0,0,0,0,0,"Jul 2019",25,0,2,0,5
"GERARD",0,0,0,0,0,1,"5343",0,0,0,6400,0,0,0,0,0,0,534304,0,0,0,0,0,0,0,0,0,0,"Jul 2019",1,0,0,0,0
"WASLEYS",0,0,0,0,0,0,"5400",0,0,0,6447,0,0,0,1,0,0,540002,0,0,0,0,0,0,0,0,0,0,"Jul 2019",2,0,0,0,1
"PORT MACDONNELL",0,0,0,0,0,0,"5291",0,0,0,6462,0,0,1,0,0,1,529115,0,1,0,0,0,0,1,0,0,0,"Jul 2019",4,0,0,0,0
"RENMARK",0,0,0,0,2,0,"5341",0,1,0,6472,0,0,0,0,3,0,534105,0,4,0,0,0,2,0,0,0,0,"Jul 2019",25,2,5,0,6
"RENMARK SOUTH",0,0,0,0,0,0,"5341",0,0,0,6488,0,0,0,0,0,0,534109,0,0,0,0,0,0,0,0,0,0,"Jul 2019",1,0,1,0,0
"RENMARK WEST",0,0,0,0,0,0,"5341",0,0,0,6498,0,0,0,0,0,0,534104,0,0,0,0,0,1,0,0,0,0,"Jul 2019",1,0,0,0,0
"PORT ADELAIDE",0,3,0,1,4,1,"5015",0,3,0,656,0,1,1,9,6,0,501504,0,1,0,1,1,0,4,1,0,0,"Jul 2019",69,2,17,1,12
"MAUDE",0,0,0,0,0,0,"5320",0,0,0,6581,0,0,0,0,0,0,532003,0,0,0,0,0,0,0,0,0,0,"Jul 2019",1,0,1,0,0
"CADELL",0,0,0,0,0,0,"5321",0,0,0,6587,0,0,1,0,0,0,532102,0,0,0,0,0,0,0,0,0,0,"Jul 2019",2,0,1,0,0
"GOLDEN HEIGHTS",0,0,0,0,0,0,"5322",0,0,0,6594,0,0,0,0,0,0,532205,0,0,0,0,0,1,0,0,0,0,"Jul 2019",1,0,0,0,0
"RAMCO",0,0,0,0,0,0,"5322",0,0,0,6599,0,0,0,0,0,0,532204,0,0,0,0,1,0,0,0,0,0,"Jul 2019",1,0,0,0,0
"RAMCO HEIGHTS",0,0,0,0,0,0,"5322",0,0,0,6601,0,0,0,0,0,0,532203,0,0,0,0,0,0,0,0,0,0,"Jul 2019",1,0,0,0,1
"STEINFELD",0,0,0,0,0,0,"5356",0,0,0,6606,0,0,0,0,0,0,535604,0,0,0,0,0,1,0,0,0,0,"Jul 2019",1,0,0,0,0
"MORGAN",0,0,0,0,1,0,"5320",0,0,0,6638,0,0,0,0,0,0,532007,0,0,0,0,0,1,0,0,0,0,"Jul 2019",2,0,0,0,0
"TANUNDA",0,0,0,0,0,0,"5352",0,0,0,6657,0,0,0,0,0,0,535204,0,0,0,0,1,0,0,0,0,0,"Jul 2019",5,0,4,0,0
"LARGS BAY",0,0,0,0,3,1,"5016",0,1,0,668,0,0,2,0,5,0,501601,0,2,0,1,1,1,4,0,0,0,"Jul 2019",37,1,8,0,7
"BALAKLAVA",0,0,0,0,0,0,"5461",0,0,0,6729,0,0,1,0,0,0,546110,0,0,0,0,0,2,2,0,0,0,"Jul 2019",6,0,0,0,1
"BOWILLIA",0,0,0,0,0,0,"5461",0,0,0,6738,0,0,0,0,0,0,546101,0,2,0,0,0,0,0,0,0,0,"Jul 2019",3,0,1,0,0
"BLACK SPRINGS",0,0,0,0,0,0,"5413",0,0,0,6741,0,0,0,0,0,0,541302,0,0,0,0,0,1,0,0,0,0,"Jul 2019",2,0,0,0,1
"BURRA",0,0,0,0,0,0,"5417",0,0,0,6761,0,0,0,0,0,0,541705,0,1,0,0,0,1,0,0,0,0,"Jul 2019",4,0,1,0,1
"WAIKERIE",0,0,0,0,0,0,"5330",0,0,0,6799,0,0,0,0,0,0,533013,0,1,0,0,0,1,0,0,0,0,"Jul 2019",8,1,4,0,1
"LARGS NORTH",0,0,0,0,1,0,"5016",0,0,0,680,0,0,6,2,0,0,501602,0,1,0,0,0,1,2,0,0,0,"Jul 2019",16,2,1,0,0
"NACKARA",0,0,0,0,0,0,"5440",0,0,0,6816,0,0,0,0,0,0,544003,0,0,0,0,0,0,0,0,0,0,"Jul 2019",1,0,0,0,1
"CLARE",0,0,0,0,1,0,"5453",0,0,0,6831,0,0,0,0,3,0,545309,0,0,0,0,1,0,0,0,0,0,"Jul 2019",6,0,0,0,1
"BLANCHETOWN",0,0,0,0,0,0,"5357",0,0,0,6857,0,0,0,0,0,0,535705,0,0,0,0,0,0,0,0,0,0,"Jul 2019",2,0,2,0,0
"MAGGEA",0,0,0,0,0,0,"5311",0,0,0,6880,0,0,0,0,0,0,531113,0,0,0,0,0,0,0,0,0,0,"Jul 2019",1,0,1,0,0
"ANGASTON",0,0,0,0,0,0,"5353",0,0,0,6899,0,0,0,0,0,0,535308,0,5,0,0,0,0,0,0,1,0,"Jul 2019",6,0,0,0,0
"CROYDON",0,0,0,0,1,0,"5008",0,0,0,69,0,0,0,0,0,0,500801,0,0,0,0,0,2,0,0,0,0,"Jul 2019",5,0,2,0,0
"LIGHT PASS",0,0,0,0,0,0,"5355",0,0,0,6917,0,0,0,0,0,0,535507,0,0,0,0,0,1,1,0,0,0,"Jul 2019",2,0,0,0,0
"PETERHEAD",0,0,0,0,0,0,"5016",0,0,0,692,0,0,0,0,10,0,501603,0,0,0,0,0,0,0,0,0,0,"Jul 2019",17,0,7,0,0
"NURIOOTPA",0,1,0,0,0,0,"5355",0,0,0,6928,0,0,1,1,6,0,535503,0,0,0,1,0,0,1,0,0,0,"Jul 2019",18,0,4,0,3
"STOCKWELL",0,0,0,0,0,0,"5355",0,0,0,6939,0,0,0,0,0,0,535505,0,0,0,0,0,0,0,0,0,0,"Jul 2019",1,0,1,0,0
"PARNAROO",0,0,0,0,0,0,"5422",0,0,0,6954,0,0,0,0,0,0,542211,0,0,0,0,0,0,1,0,0,0,"Jul 2019",1,0,0,0,0
"PETERBOROUGH",0,0,0,0,0,0,"5422",0,0,0,6960,0,0,0,0,1,0,542207,0,1,0,0,0,0,0,0,0,0,"Jul 2019",6,1,1,0,2
"WILLIAMSTOWN",0,0,0,0,0,0,"5351",0,1,0,6997,0,0,0,0,0,0,535103,0,0,0,0,0,0,0,0,0,0,"Jul 2019",2,0,0,0,1
"BLACK HILL",0,0,0,0,0,0,"5353",0,0,0,7006,0,0,1,0,0,0,535304,0,0,0,0,0,0,0,0,0,0,"Jul 2019",1,0,0,0,0
"CAMBRAI",0,0,0,0,0,0,"5353",0,0,0,7013,0,0,0,0,0,0,535305,0,0,0,0,0,1,0,0,0,0,"Jul 2019",2,0,1,0,0
"MOCULTA",0,0,0,0,0,0,"5353",0,0,0,7020,0,0,1,0,0,0,535306,0,0,0,0,0,0,0,0,0,0,"Jul 2019",2,0,1,0,0
"CUMMINS",0,0,0,0,0,0,"5631",0,0,0,7035,0,0,0,0,0,0,563102,0,0,0,0,0,0,0,0,0,0,"Jul 2019",1,0,1,0,0
"OSBORNE",0,0,0,0,4,0,"5017",0,0,0,704,0,0,0,2,1,0,501701,0,1,0,0,0,0,0,0,0,0,"Jul 2019",12,1,1,0,2
"PORT AUGUSTA",0,4,1,1,3,3,"5700",0,0,0,7053,0,1,6,3,9,0,570006,0,9,0,0,3,3,0,1,2,0,"Jul 2019",89,5,19,0,16
"PORT PIRIE",0,0,0,0,0,0,"5540",0,0,0,7070,0,0,1,1,3,0,554008,0,0,0,0,0,0,0,0,0,0,"Jul 2019",12,2,4,0,1
"PORT PIRIE SOUTH",0,1,0,0,0,0,"5540",0,0,0,7082,0,1,1,0,1,0,554009,0,2,0,0,0,1,0,0,0,0,"Jul 2019",13,1,2,0,3
"PORT PIRIE WEST",0,2,0,0,0,0,"5540",0,0,0,7094,0,0,1,0,0,1,554010,0,1,0,0,0,0,1,4,0,0,"Jul 2019",18,1,3,0,4
"RISDON PARK",0,0,1,0,0,0,"5540",0,2,0,7106,0,0,0,0,8,0,554011,0,2,0,0,1,0,0,0,0,0,"Jul 2019",21,1,3,0,3
"RISDON PARK SOUTH",0,0,0,0,2,0,"5540",0,0,0,7118,0,0,0,1,0,0,554012,0,1,0,0,0,0,0,0,0,0,"Jul 2019",5,0,0,0,1
"COWELL",0,0,0,0,1,0,"5602",0,0,0,7128,0,0,0,0,0,0,560206,0,0,0,0,0,2,0,0,0,0,"Jul 2019",3,0,0,0,0
"TALIA",0,0,0,0,0,0,"5670",0,0,0,7139,0,0,0,0,0,0,567001,0,0,0,0,0,0,0,0,0,0,"Jul 2019",1,0,0,0,1
"KADINA",0,0,1,0,2,0,"5554",0,0,1,7155,0,1,1,2,5,0,555403,0,2,0,0,1,1,0,0,1,0,"Jul 2019",26,1,5,0,2
"TAPEROO",0,4,0,0,1,1,"5017",0,3,0,716,0,0,1,4,0,1,501702,0,4,0,0,0,0,1,0,0,0,"Jul 2019",40,5,4,0,11
"MATTA FLAT",0,0,0,0,0,0,"5554",0,0,0,7163,0,0,0,0,0,0,555407,0,0,0,0,0,2,0,0,0,0,"Jul 2019",3,1,0,0,0
"NEW TOWN",0,0,0,2,0,0,"5554",0,0,0,7170,0,0,0,1,0,0,555404,0,1,0,0,0,0,0,0,0,0,"Jul 2019",6,1,1,0,0
"WALLAROO MINES",0,0,0,0,0,0,"5554",0,0,0,7182,0,0,1,0,0,0,555405,0,0,0,0,0,0,0,0,0,0,"Jul 2019",1,0,0,0,0
"LAURA",0,0,0,0,0,0,"5480",0,0,0,7225,0,0,0,1,0,0,548003,0,0,0,0,0,0,0,0,0,0,"Jul 2019",1,0,0,0,0
"NORTH BEACH",0,0,0,0,0,0,"5556",0,0,0,7236,0,0,1,0,0,0,555602,0,0,0,0,0,1,0,0,0,0,"Jul 2019",2,0,0,0,0
"WALLAROO",0,0,0,0,3,2,"5556",0,2,0,7245,0,1,5,1,3,0,555603,0,0,0,0,0,2,0,0,0,0,"Jul 2019",31,0,10,0,2
"PORT LINCOLN",0,4,0,0,5,0,"5606",0,3,1,7272,0,0,7,4,7,0,560601,0,4,0,0,2,1,2,0,0,0,"Jul 2019",59,4,9,0,6
"KIDMAN PARK",0,1,0,0,2,0,"5025",0,0,0,728,0,0,0,0,0,0,502502,0,0,1,0,0,0,1,0,0,0,"Jul 2019",13,0,5,0,3
"WARBURTO",0,0,0,0,0,0,"5556",0,0,0,7317,0,0,1,0,0,0,555604,0,0,0,0,0,0,0,0,0,0,"Jul 2019",2,0,0,0,1
"DUCK PONDS",0,0,0,0,0,0,"5607",0,0,0,7328,0,0,0,1,0,0,560716,0,0,0,0,0,0,0,0,0,0,"Jul 2019",1,0,0,0,0
"HORNSDALE",0,0,0,0,0,0,"5491",0,0,0,7349,0,0,0,0,0,0,549107,0,0,0,0,0,0,0,0,0,0,"Jul 2019",1,0,1,0,0
"JAMESTOWN",0,0,0,0,0,0,"5491",0,0,0,7354,0,0,0,0,0,0,549102,0,0,0,0,0,0,0,0,0,0,"Jul 2019",1,0,1,0,0
"PORT HUGHES",0,0,0,0,0,0,"5558",0,0,0,7369,0,0,0,0,0,0,555809,0,0,0,0,0,0,0,0,0,0,"Jul 2019",1,0,1,0,0
"MILE END",0,0,0,0,3,0,"5031",0,0,0,740,0,0,2,1,7,0,503101,0,1,0,0,2,1,1,0,0,0,"Jul 2019",37,0,12,0,7
"STREAKY BAY",0,0,0,0,0,0,"5680",0,0,0,7400,0,0,0,1,1,0,568014,0,2,0,0,0,1,1,1,0,0,"Jul 2019",12,0,1,0,4
"CEDUNA",0,2,0,0,2,0,"5690",0,0,0,7410,0,0,0,2,4,0,569002,0,1,0,1,0,1,0,3,0,0,"Jul 2019",23,1,1,0,5
"WILMINGTON",0,0,0,0,0,0,"5485",0,0,0,7425,0,0,1,1,0,0,548501,0,0,0,0,0,0,0,0,0,0,"Jul 2019",2,0,0,0,0
"PIEDNIPPIE",0,0,0,0,0,0,"5680",0,0,0,7433,0,0,0,0,0,0,568020,0,0,0,0,0,0,0,0,0,0,"Jul 2019",1,0,1,0,0
"ARDROSSAN",0,0,0,0,0,0,"5571",0,0,0,7440,0,0,1,0,0,0,557103,0,0,0,0,0,0,0,0,0,0,"Jul 2019",1,0,0,0,0
"MOONTA",0,0,0,0,0,0,"5558",0,0,0,7463,0,0,0,2,2,0,555805,0,0,0,0,0,0,1,0,0,0,"Jul 2019",6,0,1,0,0
"MOONTA BAY",0,0,0,0,0,0,"5558",0,1,0,7475,0,1,2,2,0,0,555801,0,0,0,0,0,0,0,0,0,0,"Jul 2019",6,0,0,0,0
"NORTH MOONTA",0,0,0,0,0,0,"5558",0,0,0,7509,0,0,2,0,0,0,555802,0,0,0,0,0,0,0,0,0,0,"Jul 2019",2,0,0,0,0
"MILE END SOUTH",0,0,0,0,0,0,"5031",0,0,0,752,0,0,0,0,6,0,503102,0,0,0,0,2,1,0,0,2,0,"Jul 2019",13,0,1,0,1
"NORTH SHIELDS",0,0,0,0,0,0,"5607",0,0,0,7538,0,0,0,1,0,0,560721,0,0,0,0,0,0,0,0,0,0,"Jul 2019",1,0,0,0,0
"DUBLIN",0,0,0,0,1,0,"5501",0,0,0,7574,0,0,0,0,0,0,550107,0,0,0,0,0,0,0,0,0,0,"Jul 2019",2,0,1,0,0
"LEWISTON",0,1,0,0,0,0,"5501",0,0,0,7585,0,0,2,1,0,0,550101,0,1,0,0,0,0,1,0,0,0,"Jul 2019",9,0,2,0,1
"MIDDLE BEACH",0,0,0,0,0,0,"5501",0,0,0,7604,0,0,0,0,0,0,550103,0,0,0,0,0,0,1,0,0,0,"Jul 2019",4,1,0,0,2
"PORT GAWLER",0,0,0,0,0,0,"5501",0,0,0,7608,0,0,0,0,0,0,550104,0,0,0,0,0,0,1,0,0,0,"Jul 2019",2,0,0,0,1
"TWO WELLS",0,0,0,0,1,1,"5501",0,0,0,7615,0,1,2,0,0,0,550105,0,0,0,0,0,2,1,0,0,0,"Jul 2019",13,0,2,0,3
"BUNDALEER GARDENS",0,0,0,0,0,0,"5491",0,0,0,7626,0,0,0,0,0,0,549106,0,0,0,0,0,0,0,0,1,0,"Jul 2019",1,0,0,0,0
"TARPEENA",0,0,0,0,0,0,"5277",0,0,0,7632,0,0,1,0,0,0,527702,0,1,0,0,0,0,0,0,0,0,"Jul 2019",3,0,0,0,1
"THEBARTON",0,0,0,0,5,0,"5031",0,0,0,764,0,0,0,1,1,0,503103,0,0,0,0,0,1,0,1,0,0,"Jul 2019",21,2,8,0,2
"MOUNT MCINTYRE",0,0,0,0,0,0,"5279",0,0,0,7657,0,0,0,0,0,0,527903,0,0,0,0,0,1,0,0,0,0,"Jul 2019",1,0,0,0,0
"PORT AUGUSTA WEST",0,0,1,0,3,0,"5700",0,0,0,7664,0,1,6,0,1,0,570007,0,2,0,1,0,0,2,0,1,0,"Jul 2019",49,9,5,0,17
"PORT PATERSON",0,0,0,0,0,0,"5700",0,0,0,7675,0,0,0,0,0,0,570005,0,0,0,0,0,1,0,0,0,0,"Jul 2019",1,0,0,0,0
"CRYSTAL BROOK",0,0,0,0,0,0,"5523",0,1,0,7688,0,0,0,0,0,0,552308,0,0,0,0,0,0,0,0,0,0,"Jul 2019",2,0,1,0,0
"SOLOMONTOWN",0,0,0,0,1,0,"5540",0,0,1,7700,0,0,0,0,0,0,554013,0,1,0,0,0,0,0,0,0,0,"Jul 2019",7,0,1,0,3
"WHYALLA",0,0,0,0,3,0,"5600",0,0,0,7713,0,0,1,1,4,0,560001,0,2,0,0,0,1,0,1,0,0,"Jul 2019",23,1,5,0,4
"WHYALLA PLAYFORD",0,1,0,0,4,0,"5600",0,0,0,7725,0,0,0,2,0,0,560002,0,1,0,0,0,3,0,0,0,0,"Jul 2019",28,2,4,0,11
"MULLAQUANA",0,0,0,0,1,0,"5608",0,1,0,7742,0,0,1,0,0,0,560803,0,0,0,0,1,1,0,0,0,0,"Jul 2019",6,0,1,0,0
"WHYALLA NORRIE",0,4,0,0,4,0,"5608",0,1,1,7752,0,1,8,3,3,0,560801,0,2,0,0,0,8,2,0,0,0,"Jul 2019",92,8,21,0,26
"TORRENSVILLE",0,1,0,0,6,0,"5031",0,1,0,776,0,0,2,1,5,0,503104,0,1,0,0,1,4,2,0,0,0,"Jul 2019",34,0,8,0,2
"WHYALLA STUART",0,5,0,0,0,0,"5608",0,0,0,7764,0,0,8,4,7,0,560802,0,10,0,0,0,1,2,2,0,0,"Jul 2019",75,4,12,0,20
"SNOWTOWN",0,0,0,0,1,0,"5520",0,0,0,7774,0,0,0,0,0,0,552003,0,0,0,0,0,0,0,0,0,0,"Jul 2019",2,0,1,0,0
"HARDWICKE BAY",0,0,0,0,0,0,"5575",0,0,0,7785,0,0,4,0,0,0,557508,0,0,0,0,0,0,0,0,0,0,"Jul 2019",4,0,0,0,0
"THEVENARD",0,0,0,0,1,0,"5690",0,0,0,7811,0,0,2,0,0,0,569010,0,1,0,0,0,0,0,0,0,0,"Jul 2019",8,0,0,0,4
"YALATA",0,1,0,0,0,0,"5690",0,0,0,7827,0,0,0,0,0,0,569017,0,0,0,0,0,0,0,0,0,0,"Jul 2019",1,0,0,0,0
"CLEVE",0,0,0,0,0,0,"5640",0,0,0,7853,0,0,0,0,0,0,564004,0,0,0,0,0,0,0,0,0,0,"Jul 2019",1,0,1,0,0
"TELOWIE",0,0,0,0,0,0,"5540",0,0,0,7877,0,0,0,0,0,0,554014,0,0,0,0,0,0,0,0,0,0,"Jul 2019",1,0,1,0,0
"BROOKLYN PARK",0,1,0,0,2,0,"5032",0,2,0,788,0,0,2,0,0,0,503201,0,0,0,0,0,0,5,0,1,0,"Jul 2019",21,0,3,0,5
"THOMPSON BEACH",0,0,0,0,0,0,"5501",0,0,0,7888,0,0,0,0,0,0,550108,0,0,0,0,0,0,0,0,0,0,"Jul 2019",1,0,1,0,0
"KIMBA",0,0,0,0,0,0,"5641",0,0,0,7906,0,0,0,0,0,0,564110,0,0,0,0,0,1,0,0,0,0,"Jul 2019",1,0,0,0,0
"WARNERTOWN",0,0,0,0,0,0,"5540",0,0,0,7925,0,0,0,0,0,0,554015,0,0,0,0,0,0,0,0,0,0,"Jul 2019",1,0,1,0,0
"PORT WAKEFIELD",0,0,0,0,0,0,"5550",0,0,0,7945,0,0,0,0,0,0,555004,0,0,0,0,0,0,0,0,0,0,"Jul 2019",3,0,2,0,1
"BALGOWAN",0,0,0,0,0,0,"5573",0,0,0,7960,0,0,0,0,0,0,557302,0,0,0,0,0,0,0,0,0,0,"Jul 2019",1,1,0,0,0
"MAITLAND",0,0,0,0,0,0,"5573",0,0,0,7966,0,0,3,0,0,0,557303,0,0,0,0,0,1,0,0,0,0,"Jul 2019",7,1,0,0,2
"POINT PEARCE",0,1,0,0,0,0,"5573",0,0,0,7976,0,0,0,0,0,0,557305,0,0,0,0,0,0,0,0,0,0,"Jul 2019",4,0,1,0,2
"PORT VICTORIA",0,0,0,0,0,0,"5573",0,0,0,7984,0,0,1,0,0,0,557308,0,0,0,0,0,0,0,0,0,0,"Jul 2019",1,0,0,0,0
"STIRLING NORTH",0,0,0,0,0,1,"5710",0,0,0,7995,0,1,0,2,0,0,571001,0,0,0,0,0,0,0,0,0,0,"Jul 2019",6,0,0,0,2
"CLARENCE PARK",0,0,0,0,1,0,"5034",0,0,0,800,0,0,0,2,2,0,503401,0,2,0,0,0,0,0,0,0,0,"Jul 2019",16,0,8,0,1
"POINT LOWLY",0,0,0,0,0,0,"5601",0,0,0,8025,0,0,0,0,0,0,560104,0,0,0,0,0,0,0,0,0,0,"Jul 2019",1,0,0,0,1
"WHYALLA JENKINS",0,0,0,0,0,0,"5609",0,0,0,8046,0,0,0,0,0,0,560901,0,0,0,0,0,0,0,0,0,0,"Jul 2019",3,1,1,0,1
"IRON KNOB",0,0,0,0,0,0,"5611",0,0,0,8059,0,0,0,0,0,0,561102,0,0,0,0,0,1,1,0,0,0,"Jul 2019",2,0,0,0,0
"PORT BROUGHTON",0,0,0,0,0,0,"5522",0,0,0,8069,0,0,0,1,0,0,552202,0,0,0,0,0,0,0,0,0,0,"Jul 2019",3,0,1,0,1
"PORT VINCENT",0,0,0,0,0,0,"5581",0,0,0,8087,0,0,0,0,0,0,558102,0,0,0,0,1,0,0,0,0,0,"Jul 2019",1,0,0,0,0
"STANSBURY",0,0,0,0,0,0,"5582",0,0,0,8096,0,1,1,0,0,0,558201,0,0,0,0,0,0,0,0,0,0,"Jul 2019",2,0,0,0,0
"CROYDON PARK",0,0,0,0,3,0,"5008",0,0,0,81,0,0,1,3,0,0,500802,0,2,0,0,0,1,3,0,0,0,"Jul 2019",25,1,7,1,3
"GOODWOOD",0,0,0,0,6,0,"5034",0,0,0,812,0,0,0,1,0,0,503402,0,0,0,0,0,3,0,0,1,0,"Jul 2019",17,0,4,0,2
"DAVENPORT",0,1,0,0,0,0,"5700",0,0,0,8125,0,0,0,0,0,0,570010,0,2,0,0,0,0,0,0,0,0,"Jul 2019",3,0,0,0,0
"MIRANDA",0,0,0,0,0,0,"5700",0,0,0,8132,0,0,0,0,0,0,570003,0,0,0,0,1,0,0,0,0,0,"Jul 2019",1,0,0,0,0
"MINNIPA",0,0,0,0,1,0,"5654",0,0,0,8147,0,0,0,0,0,0,565402,0,0,0,0,0,0,0,0,0,0,"Jul 2019",1,0,0,0,0
"EVERARD CENTRAL",0,0,0,0,0,0,"5461",0,0,0,8155,0,0,0,0,0,0,546102,0,0,0,0,0,0,0,0,0,0,"Jul 2019",1,0,1,0,0
"MOUNT TEMPLETON",0,0,0,0,0,0,"5461",0,0,0,8159,0,0,0,0,0,0,546103,0,0,0,0,0,0,0,0,0,0,"Jul 2019",1,0,1,0,0
"BLYTH",0,0,0,0,0,0,"5462",0,0,0,8166,0,0,0,0,0,0,546201,0,1,0,0,0,0,0,0,0,0,"Jul 2019",1,0,0,0,0
"KORUNYE",0,0,0,0,0,0,"5502",0,0,0,8182,0,0,0,0,0,0,550202,0,0,0,0,0,0,0,0,0,0,"Jul 2019",1,0,1,0,0
"MALLALA",0,0,0,0,1,0,"5502",0,0,0,8192,0,0,0,0,0,0,550205,0,0,0,0,0,0,0,0,0,0,"Jul 2019",1,0,0,0,0
"REEVES PLAINS",0,0,0,0,0,0,"5502",0,0,0,8206,0,0,2,0,0,0,550201,0,0,0,0,0,1,0,0,0,0,"Jul 2019",3,0,0,0,0
"RUDALL",0,0,0,0,0,0,"5642",0,0,0,8219,0,0,0,0,0,0,564205,0,0,0,0,0,0,0,0,0,0,"Jul 2019",1,0,1,0,0
"PASKEVILLE",0,0,0,0,0,0,"5552",0,0,0,8240,0,0,0,0,0,0,555201,0,0,0,0,0,0,0,0,0,0,"Jul 2019",1,0,1,0,0
"BOORS PLAIN",0,0,0,0,0,0,"5554",0,1,0,8250,0,0,0,0,0,0,555409,0,0,0,0,0,0,0,0,0,0,"Jul 2019",1,0,0,0,0
"JERUSALEM",0,0,0,0,0,0,"5554",0,0,0,8258,0,0,0,0,0,0,555408,0,0,0,0,0,0,0,0,0,0,"Jul 2019",1,0,1,0,0
"WEETULTA",0,0,0,0,0,0,"5573",0,0,0,8268,0,0,0,0,0,0,557301,0,0,0,0,1,0,0,0,0,0,"Jul 2019",1,0,0,0,0
"SECRET ROCKS",0,0,0,0,0,0,"5611",0,0,0,8277,0,0,0,0,0,0,561103,0,0,0,0,0,0,0,0,0,0,"Jul 2019",1,0,1,0,0
"MERTY MERTY",0,0,0,0,0,0,"5731",0,0,0,8306,0,0,0,0,0,0,573108,0,0,0,0,0,0,0,0,0,0,"Jul 2019",1,0,1,0,0
"PINNAROO",0,0,0,0,1,0,"5304",0,0,0,8314,0,0,0,0,0,0,530401,0,0,0,0,0,0,0,0,0,0,"Jul 2019",2,0,1,0,0
"MILLSWOOD",0,0,0,0,0,0,"5034",0,0,0,834,0,0,1,0,0,0,503404,0,1,0,0,1,0,0,0,0,0,"Jul 2019",5,0,1,0,1
"ADELAIDE AIRPORT",0,0,0,0,0,0,"5950",0,0,1,8344,0,0,0,0,2,0,595001,0,0,0,0,0,0,2,0,0,0,"Jul 2019",10,0,3,0,2
"WINKIE",0,0,0,0,0,0,"5343",0,0,0,8360,0,0,1,1,0,0,534301,0,2,0,0,0,0,0,0,0,0,"Jul 2019",5,0,0,0,1
"GLOSSOP",0,0,0,0,0,0,"5344",0,0,0,8367,0,0,0,1,0,0,534401,0,0,0,0,0,0,0,0,0,0,"Jul 2019",2,0,0,0,1
"BARMERA",0,0,0,0,1,0,"5345",0,0,0,8379,0,0,0,0,0,0,534502,0,2,0,1,0,0,1,0,0,0,"Jul 2019",10,0,1,0,4
"HAMLEY BRIDGE",0,0,0,0,0,0,"5401",0,0,0,8403,0,0,0,0,0,0,540101,0,0,0,0,0,0,0,0,0,0,"Jul 2019",2,0,0,0,2
"LINWOOD",0,0,0,0,0,0,"5410",0,0,0,8409,0,0,0,0,0,0,541001,0,0,0,0,1,0,0,0,0,0,"Jul 2019",2,1,0,0,0
"BOSWORTH",0,0,0,0,0,0,"5720",0,0,0,8445,0,0,0,0,0,0,572011,0,0,0,0,0,0,0,0,0,0,"Jul 2019",1,0,1,0,0
"PIMBA",0,0,0,0,1,0,"5720",0,0,0,8450,0,0,0,0,0,0,572002,0,0,0,0,0,0,0,0,0,0,"Jul 2019",2,0,1,0,0
"WAYVILLE",0,1,0,0,6,0,"5034",0,0,0,846,0,0,2,1,0,0,503405,0,0,0,1,0,0,0,0,1,0,"Jul 2019",19,0,3,0,4
"ANDAMOOKA",0,0,0,0,0,0,"5722",0,0,0,8463,0,0,0,0,0,0,572201,0,0,0,0,0,0,0,0,0,0,"Jul 2019",1,0,0,0,1
"COOBER PEDY",0,4,0,0,0,2,"5723",0,0,0,8477,0,1,0,1,1,0,572301,0,3,1,0,0,0,1,1,0,0,"Jul 2019",24,1,1,0,7
"INGOMAR",0,0,0,0,0,0,"5723",0,0,0,8485,0,0,0,0,0,0,572308,0,0,0,0,0,0,0,0,0,0,"Jul 2019",1,0,1,0,0
"WILLIAM CREEK",0,0,0,0,0,0,"5723",0,0,0,8492,0,0,0,0,0,0,572313,0,0,0,0,0,0,0,0,0,0,"Jul 2019",1,0,1,0,0
"MARLA",0,0,0,0,0,0,"5724",0,0,0,8499,0,0,0,0,0,0,572401,0,0,0,0,0,0,0,0,0,0,"Jul 2019",2,0,2,0,0
"OLYMPIC DAM",0,0,0,0,0,0,"5725",0,0,0,8505,0,0,0,0,0,0,572502,0,0,0,0,0,0,0,0,0,0,"Jul 2019",1,0,0,0,1
"ROXBY DOWNS",0,0,0,0,5,0,"5725",0,1,0,8520,0,2,2,0,0,0,572501,0,1,0,0,0,0,1,0,0,0,"Jul 2019",19,1,3,0,3
"MARREE",0,0,0,0,0,0,"5733",0,1,0,8559,0,0,0,0,0,0,573301,0,0,0,0,0,0,0,0,0,0,"Jul 2019",1,0,0,0,0
"ASHFORD",0,1,0,1,0,0,"5035",0,0,0,858,0,0,3,0,0,0,503501,0,0,0,0,0,0,1,0,0,0,"Jul 2019",7,0,1,0,0
"BLACK FOREST",0,0,0,0,5,0,"5035",0,0,0,870,0,1,2,1,0,0,503502,0,0,0,0,0,0,1,0,1,0,"Jul 2019",17,0,4,0,2
"EVERARD PARK",0,0,0,0,1,0,"5035",0,0,0,882,0,0,2,0,0,0,503503,0,2,0,0,0,1,0,0,0,0,"Jul 2019",6,0,0,0,0
"FORESTVILLE",0,0,0,0,1,1,"5035",0,1,0,894,0,0,0,0,0,0,503504,0,0,0,0,0,0,0,0,0,0,"Jul 2019",5,1,1,0,0
"KESWICK",0,0,0,0,0,0,"5035",0,0,0,906,0,0,3,0,0,0,503505,0,0,0,0,0,0,0,0,0,0,"Jul 2019",10,0,7,0,0
"LOCKLEYS",0,0,0,0,2,0,"5032",0,0,0,918,0,0,1,0,0,0,503202,0,0,0,0,0,0,0,0,0,1,"Jul 2019",11,0,0,0,7
"DEVON PARK",0,0,0,0,3,0,"5008",0,2,0,93,0,1,2,0,0,0,500803,0,1,0,0,3,2,0,0,0,0,"Jul 2019",20,0,4,0,2
"UNDERDALE",0,0,0,0,0,0,"5032",0,0,0,930,0,0,2,0,0,0,503203,0,0,0,0,1,1,0,0,0,0,"Jul 2019",12,2,5,0,1
"COWANDILLA",0,1,0,0,1,0,"5033",0,0,0,942,0,0,1,0,0,0,503301,0,0,0,0,0,0,0,0,0,0,"Jul 2019",5,1,0,0,1
"HILTON",0,0,0,0,2,0,"5033",0,0,0,954,0,1,0,0,2,0,503302,0,0,0,0,0,3,1,0,0,0,"Jul 2019",23,1,9,0,4
"MARLESTON",0,0,0,0,0,0,"5033",0,1,0,966,0,0,0,1,0,0,503303,0,0,0,1,0,0,2,0,0,0,"Jul 2019",7,0,2,0,0
"RICHMOND",0,0,0,0,3,0,"5033",0,0,0,978,0,0,1,0,1,0,503304,0,0,0,0,0,0,1,0,0,0,"Jul 2019",14,0,6,0,2
"WEST RICHMOND",0,0,0,0,1,0,"5033",0,0,0,990,0,0,0,0,1,0,503305,0,0,0,0,0,0,0,0,0,0,"Jul 2019",3,0,1,0,0
